query,target_url,baseline_date,baseline_position,baseline_impr,baseline_paid_yr,2026-09-01_position,2026-09-01_impr,notes
pllc formation new york,/,2026-08-04,26.5,813,1687,,,commercial head
ny pllc formation,/,2026-08-04,28.9,396,1507,,,commercial head
new york pllc formation,/,2026-08-04,25.1,487,281,,,commercial head
pllc formation,/,2026-08-04,25.2,282,256,,,
pllc new york,/,2026-08-04,35.9,302,901,,,
pllc new york cost,/ny-pllc-cost,2026-08-04,17.4,343,50,,,
ny pllc,/,2026-08-04,20.4,67,495,,,
new york pllc,/,2026-08-04,32.7,457,203,,,
start a pllc,/how-to-form-a-pllc-in-ny,2026-08-04,17.9,134,89,,,
pllc ny,/,2026-08-04,44.8,212,211,,,
form pllc new york,/,2026-08-04,37.6,236,162,,,
forming a pllc in ny,/how-to-form-a-pllc-in-ny,2026-08-04,30.9,142,230,,,
pllc in new york,/,2026-08-04,43.9,193,114,,,
pllc new york state,/,2026-08-04,19.3,36,148,,,
create a pllc,/how-to-form-a-pllc-in-ny,2026-08-04,19.9,94,34,,,
nys pllc,/,2026-08-04,40.9,182,83,,,
pllc,/,2026-08-04,39.7,59,409,,,
how long does it take to form a pllc in ny,/how-long-to-form-a-pllc-in-ny,2026-08-04,8.8,107,82,,,
pllc application,/,2026-08-04,36.7,265,41,,,
how to form a pllc in new york,/how-to-form-a-pllc-in-ny,2026-08-04,36.3,159,66,,,
