query,organic_position,organic_impressions,organic_clicks,organic_ctr,paid_clicks,paid_cost,paid_conv,est_annual_paid_cost,suggested_target_url,priority_score
pllc formation new york,26.5,813,1,0.12,101,1298.41,18.6,1686.55,/,100.0
ny pllc formation,28.9,396,6,1.52,96,1160.25,13.0,1507.09,/,94.6
new york pllc formation,25.1,487,3,0.62,23,216.07,3.0,280.66,/,88.1
pllc formation,25.2,282,0,0.0,20,197.32,1.5,256.31,/,84.0
pllc new york,35.9,302,1,0.33,71,693.68,9.2,901.04,/,81.4
pllc new york cost,17.4,343,0,0.0,6,38.76,2.5,50.35,/ny-pllc-cost,77.8
ny pllc,20.4,67,1,1.49,48,381.32,5.0,495.31,/,77.6
new york pllc,32.7,457,0,0.0,22,155.95,1.0,202.57,/,77.2
start a pllc,17.9,134,0,0.0,7,68.5,1.0,88.98,/how-to-form-a-pllc-in-ny,74.1
pllc ny,44.8,212,1,0.47,22,162.28,1.0,210.79,/,72.2
form pllc new york,37.6,236,2,0.85,10,124.66,1.0,161.92,/,71.7
forming a pllc in ny,30.9,142,0,0.0,18,177.02,5.0,229.94,/how-to-form-a-pllc-in-ny,70.0
pllc in new york,43.9,193,0,0.0,8,87.74,0.0,113.97,/,68.7
pllc new york state,19.3,36,0,0.0,18,114.24,0.0,148.39,/,67.8
create a pllc,19.9,94,1,1.06,2,26.38,0.0,34.27,/how-to-form-a-pllc-in-ny,67.4
nys pllc,40.9,182,0,0.0,8,64.24,0.0,83.44,/,66.9
pllc,39.7,59,0,0.0,48,314.55,4.5,408.58,/,66.8
how long does it take to form a pllc in ny,8.8,107,0,0.0,5,62.93,0.0,81.74,/how-long-to-form-a-pllc-in-ny,66.2
pllc application,36.7,265,0,0.0,3,31.72,0.0,41.2,/,66.1
how to form a pllc in new york,36.3,159,1,0.63,9,50.79,0.0,65.97,/how-to-form-a-pllc-in-ny,64.9
ny pllc checklist,47.6,153,1,0.65,8,30.4,0.0,39.49,GAP — no page,62.3
how to form a pllc,35.6,204,0,0.0,2,19.4,0.0,25.2,/how-to-form-a-pllc-in-ny,62.1
pllc formation in new york,33.7,155,0,0.0,1,27.1,0.0,35.2,/,61.8
how to form a pllc in ny,29.8,152,0,0.0,1,3.22,0.0,4.18,/how-to-form-a-pllc-in-ny,61.5
pllc in ny,28.8,21,1,4.76,8,59.88,0.0,77.78,/,61.3
pllc formation services,26.2,25,0,0.0,3,28.62,1.5,37.18,/,59.0
how to get a pllc,24.8,313,1,0.32,0,0.0,0.0,0.0,/,58.6
pllc lawyer,16.4,35,0,0.0,3,11.53,0.0,14.98,/professions/law,57.1
apply for pllc,27.8,223,0,0.0,0,0.0,0.0,0.0,/,56.3
professional llc,48.2,83,0,0.0,2,19.12,0.0,24.84,OUT OF SCOPE — LLC (sister company),56.1
pllc nys,40.8,20,0,0.0,17,129.8,1.0,168.6,/,55.6
nys pllc formation,8.0,10,1,10.0,10,131.06,4.0,170.24,/,54.3
llc for massage therapy,8.1,357,0,0.0,0,0.0,0.0,0.0,/professions/massage-therapist,53.5
new york state pllc,30.1,26,0,0.0,4,56.28,0.0,73.1,/,53.4
pllc registration,22.1,140,0,0.0,0,0.0,0.0,0.0,/,53.2
pllc application ny,9.3,6,2,33.33,20,198.81,4.0,258.24,/,53.2
professional llc formation services,9.3,279,0,0.0,0,0.0,0.0,0.0,OUT OF SCOPE — LLC (sister company),51.8
how to set up a pllc,50.3,138,0,0.0,2,12.78,0.0,16.6,/how-to-form-a-pllc-in-ny,51.6
creating a pllc,20.4,95,0,0.0,0,0.0,0.0,0.0,/,50.6
pllc name requirements,28.3,91,0,0.0,0,0.0,0.0,0.0,/,50.4
professional business formation service,21.9,90,0,0.0,0,0.0,0.0,0.0,/,50.3
best llc formation services in new york 2026,12.0,88,0,0.0,0,0.0,0.0,0.0,OUT OF SCOPE — LLC (sister company),50.1
registered agent mail forwarding,29.1,81,0,0.0,0,0.0,0.0,0.0,/virtual-address-services,49.6
llc for nurse practioner,25.6,79,0,0.0,0,0.0,0.0,0.0,OUT OF SCOPE — LLC (sister company),49.4
how to create a pllc in ny,15.6,11,0,0.0,2,10.74,0.0,13.95,/how-to-form-a-pllc-in-ny,49.4
create pllc,12.3,3,0,0.0,5,54.02,0.0,70.17,/,49.4
nysed pllc,10.0,23,0,0.0,2,13.54,0.0,17.59,/nysed-approval-times,49.1
virtual office pearl river,19.4,73,0,0.0,0,0.0,0.0,0.0,/virtual-address-services,48.9
llc for nurse practictioners,25.6,66,0,0.0,0,0.0,0.0,0.0,OUT OF SCOPE — LLC (sister company),48.2
new york llc formation services,22.3,63,0,0.0,0,0.0,0.0,0.0,OUT OF SCOPE — LLC (sister company),47.9
form a pllc,14.5,2,0,0.0,4,59.74,1.0,77.6,/how-to-form-a-pllc-in-ny,47.9
how to create a pllc,36.4,223,0,0.0,0,0.0,0.0,0.0,/how-to-form-a-pllc-in-ny,47.3
pllc formation attorneys in nyc,28.1,53,0,0.0,0,0.0,0.0,0.0,/,46.8
forming a pllc,36.5,10,0,0.0,5,48.4,1.0,62.87,/how-to-form-a-pllc-in-ny,46.7
how to start a pllc,24.6,9,0,0.0,3,7.54,0.0,9.79,/how-to-form-a-pllc-in-ny,46.7
professional new york llc formation services with ongoing legal support,14.3,50,0,0.0,0,0.0,0.0,0.0,OUT OF SCOPE — LLC (sister company),46.4
professional llc new york,41.3,190,0,0.0,0,0.0,0.0,0.0,OUT OF SCOPE — LLC (sister company),46.3
new york pllc psychotherapist requirements,8.9,115,0,0.0,0,0.0,0.0,0.0,/,45.9
best anonymous llc formation services in new york,11.7,46,0,0.0,0,0.0,0.0,0.0,OUT OF SCOPE — LLC (sister company),45.9
pllc nyc,5.3,3,0,0.0,16,88.09,1.0,114.42,/,45.7
what form of llc do i need as a mental health professional,28.2,39,0,0.0,0,0.0,0.0,0.0,OUT OF SCOPE — LLC (sister company),44.8
do i need a pllc in new york,55.6,109,0,0.0,2,3.45,0.0,4.48,/,44.6
forming a pllc in new york,40.1,13,0,0.0,3,18.96,0.0,24.63,/how-to-form-a-pllc-in-ny,44.0
new york llc formation service,32.0,125,0,0.0,0,0.0,0.0,0.0,OUT OF SCOPE — LLC (sister company),43.5
best affordable new york llc formation services 2026,17.2,30,0,0.0,0,0.0,0.0,0.0,OUT OF SCOPE — LLC (sister company),43.1
pllc attorney,10.2,29,0,0.0,0,0.0,0.0,0.0,/professions/law,42.8
new york business formation services,28.6,27,0,0.0,0,0.0,0.0,0.0,/,42.4
mhc lp,40.0,104,0,0.0,0,0.0,0.0,0.0,/professions/mhc,42.2
pllc formation ny,10.5,24,1,4.17,0,0.0,0.0,0.0,/,41.6
law firm filing,17.1,24,0,0.0,0,0.0,0.0,0.0,/professions/law,41.6
pbc 1 form,13.5,23,0,0.0,0,0.0,0.0,0.0,GAP — no page,41.3
nyc virtual office with mail forwarding,74.2,205,0,0.0,0,0.0,0.0,0.0,/virtual-address-services,40.8
starting a pllc,13.4,8,0,0.0,1,1.89,0.0,2.45,/,40.6
pllc approval,36.4,80,0,0.0,0,0.0,0.0,0.0,/,40.5
best llc formation services new york 2026,12.2,20,0,0.0,0,0.0,0.0,0.0,OUT OF SCOPE — LLC (sister company),40.4
pllc filing,7.7,3,0,0.0,4,27.38,0.0,35.56,/,40.3
llc for massage therapist,25.8,17,0,0.0,0,0.0,0.0,0.0,/professions/massage-therapist,39.4
dental practice formation,5.7,42,0,0.0,0,0.0,0.0,0.0,/,39.3
who to write the check to for pllc ny state,8.4,42,0,0.0,0,0.0,0.0,0.0,/,39.3
lmhc,40.6,64,0,0.0,0,0.0,0.0,0.0,/professions/mhc,39.0
foreign qualification new york,40.3,52,0,0.0,0,0.0,0.0,0.0,/foreign-pllc,37.7
how to form an llc in ny,92.4,126,0,0.0,0,0.0,0.0,0.0,/how-to-form-a-pllc-in-ny,37.5
best llc formation services in 2026,12.3,12,0,0.0,0,0.0,0.0,0.0,OUT OF SCOPE — LLC (sister company),37.2
new york department of state pllc formation professional service,8.3,30,0,0.0,0,0.0,0.0,0.0,/,37.1
form pllc,10.0,2,0,0.0,3,20.88,0.0,27.12,/,37.1
lmhc new york,45.0,45,0,0.0,0,0.0,0.0,0.0,/professions/mhc,36.7
pllc legal,29.1,11,0,0.0,0,0.0,0.0,0.0,/,36.7
pllc+formation+new+york,13.4,11,0,0.0,0,0.0,0.0,0.0,/,36.7
how to file a pllc in ny,16.6,11,0,0.0,0,0.0,0.0,0.0,/,36.7
law firm formation,15.6,11,0,0.0,0,0.0,0.0,0.0,/professions/law,36.7
open a pllc,6.2,4,0,0.0,4,7.07,0.0,9.18,/,35.7
ny foreign qualification,44.1,35,0,0.0,0,0.0,0.0,0.0,/foreign-pllc,35.1
mhc-lp,41.7,34,0,0.0,0,0.0,0.0,0.0,/professions/mhc,34.9
registered business address service,47.9,34,0,0.0,0,0.0,0.0,0.0,/virtual-address-services,34.9
new york lcsw,32.8,33,0,0.0,0,0.0,0.0,0.0,/professions/lcsw,34.7
new york virtual address,71.5,80,0,0.0,0,0.0,0.0,0.0,/virtual-address-services,34.5
what documents do i need to apply for massage therapist insurance?,37.7,32,0,0.0,0,0.0,0.0,0.0,/professions/massage-therapist,34.5
register pllc,1.0,1,0,0.0,2,21.02,0.0,27.3,/,34.4
new york state licensed mental health counselor,49.9,30,0,0.0,0,0.0,0.0,0.0,/professions/mhc,34.1
new york pllc name requirements,37.3,3,0,0.0,2,13.25,0.0,17.21,/,34.0
ny foreign llc registration,43.7,27,0,0.0,0,0.0,0.0,0.0,/foreign-pllc,33.4
best new york llc formation service,38.0,26,0,0.0,0,0.0,0.0,0.0,OUT OF SCOPE — LLC (sister company),33.1
professional new york llc formation service with ongoing legal support,11.7,6,0,0.0,0,0.0,0.0,0.0,OUT OF SCOPE — LLC (sister company),33.1
leading companies for new york llc formation and publication,15.3,6,0,0.0,0,0.0,0.0,0.0,OUT OF SCOPE — LLC (sister company),33.1
filing solutions llc,7.2,16,0,0.0,0,0.0,0.0,0.0,OUT OF SCOPE — LLC (sister company),33.0
new york pllc formation psychotherapist,8.0,16,0,0.0,0,0.0,0.0,0.0,/,33.0
pro llc,8.7,16,0,0.0,0,0.0,0.0,0.0,OUT OF SCOPE — LLC (sister company),33.0
attorney llc formation,51.5,63,0,0.0,0,0.0,0.0,0.0,/professions/law,32.9
virtual business address new york,50.0,24,0,0.0,0,0.0,0.0,0.0,/virtual-address-services,32.6
new york department of state pllc filing instructions,5.3,15,0,0.0,0,0.0,0.0,0.0,/,32.6
llc filing services bronx ny,39.6,23,0,0.0,0,0.0,0.0,0.0,OUT OF SCOPE — LLC (sister company),32.3
can a law firm be an llc in new york,34.4,23,0,0.0,0,0.0,0.0,0.0,/professions/law,32.3
foreign llc new york,46.6,23,0,0.0,0,0.0,0.0,0.0,/foreign-pllc,32.3
how to open a pllc,6.3,3,0,0.0,1,4.32,0.0,5.61,/how-to-form-a-pllc-in-ny,32.2
foreign llc registration new york,49.1,22,0,0.0,0,0.0,0.0,0.0,/foreign-pllc,32.1
law firm pllc,25.0,5,0,0.0,0,0.0,0.0,0.0,/professions/law,32.0
pt registration,69.1,53,0,0.0,0,0.0,0.0,0.0,GAP — no page,31.8
incorporation for engineers,49.6,21,0,0.0,0,0.0,0.0,0.0,/professions/engineer,31.8
new york mail forwarding,47.2,21,0,0.0,0,0.0,0.0,0.0,/virtual-address-services,31.8
foreign llc in ny,46.8,19,0,0.0,0,0.0,0.0,0.0,/foreign-pllc,31.1
pt establishment,66.2,47,0,0.0,0,0.0,0.0,0.0,GAP — no page,31.0
mail forwarding new york,53.6,47,0,0.0,0,0.0,0.0,0.0,/virtual-address-services,31.0
attorney to set up llc,33.6,18,0,0.0,0,0.0,0.0,0.0,/professions/law,30.8
dc pllc,17.8,4,0,0.0,0,0.0,0.0,0.0,/,30.8
best llc formation services 2026,10.5,4,0,0.0,0,0.0,0.0,0.0,OUT OF SCOPE — LLC (sister company),30.8
lmhc nyc,53.7,45,0,0.0,0,0.0,0.0,0.0,/professions/mhc,30.7
order llc,5.5,11,0,0.0,0,0.0,0.0,0.0,OUT OF SCOPE — LLC (sister company),30.7
new york pllc formation requirements,9.0,11,0,0.0,0,0.0,0.0,0.0,/,30.7
new york foreign llc,46.9,17,0,0.0,0,0.0,0.0,0.0,/foreign-pllc,30.4
ny foreign llc,43.5,17,0,0.0,0,0.0,0.0,0.0,/foreign-pllc,30.4
how to form llc in ny,92.3,41,0,0.0,0,0.0,0.0,0.0,/how-to-form-a-pllc-in-ny,30.1
professional engineer ny,34.9,16,0,0.0,0,0.0,0.0,0.0,/professions/engineer,30.0
pllc new york formation,,0,0,0.0,3,52.45,0.0,68.13,/,30.0
best online llc formation service,58.2,39,0,0.0,0,0.0,0.0,0.0,OUT OF SCOPE — LLC (sister company),29.8
pllc law,31.3,15,0,0.0,0,0.0,0.0,0.0,/,29.6
mhc new york,30.2,15,0,0.0,0,0.0,0.0,0.0,/professions/mhc,29.6
new york foreign qualification,36.1,15,0,0.0,0,0.0,0.0,0.0,/foreign-pllc,29.6
optometry insurance credentialing,36.1,15,0,0.0,0,0.0,0.0,0.0,GAP — no page,29.6
nys mental health counseling,40.2,15,0,0.0,0,0.0,0.0,0.0,GAP — no page,29.6
virtual office registered agent,47.3,15,0,0.0,0,0.0,0.0,0.0,/virtual-address-services,29.6
pllc therapist,26.0,3,0,0.0,0,0.0,0.0,0.0,/professions/mhc,29.3
pllc law firm,10.7,3,0,0.0,0,0.0,0.0,0.0,/professions/law,29.3
best online service to form llc,64.9,36,0,0.0,0,0.0,0.0,0.0,OUT OF SCOPE — LLC (sister company),29.2
llc formation services near me,58.8,35,0,0.0,0,0.0,0.0,0.0,OUT OF SCOPE — LLC (sister company),29.1
form a pllc in new york,,0,0,0.0,4,42.6,0.0,55.33,/how-to-form-a-pllc-in-ny,29.0
llc address service,51.9,34,0,0.0,0,0.0,0.0,0.0,OUT OF SCOPE — LLC (sister company),28.9
how to apply for a pllc,1.0,1,0,0.0,2,6.05,0.0,7.86,/,28.9
virtual address in new york,82.1,33,0,0.0,0,0.0,0.0,0.0,/virtual-address-services,28.7
new york foreign llc registration,60.9,33,0,0.0,0,0.0,0.0,0.0,/foreign-pllc,28.7
best way to form an llc,81.8,33,0,0.0,0,0.0,0.0,0.0,OUT OF SCOPE — LLC (sister company),28.7
new york professional engineer,30.9,13,0,0.0,0,0.0,0.0,0.0,/professions/engineer,28.7
pearl river virtual office,38.9,13,0,0.0,0,0.0,0.0,0.0,/virtual-address-services,28.7
best service to form llc,62.2,31,0,0.0,0,0.0,0.0,0.0,OUT OF SCOPE — LLC (sister company),28.3
foreign qualification service,36.0,12,0,0.0,0,0.0,0.0,0.0,/foreign-pllc,28.2
best virtual address service for llc,64.8,30,0,0.0,0,0.0,0.0,0.0,/virtual-address-services,28.1
nysed pllc application,9.6,7,0,0.0,0,0.0,0.0,0.0,/nysed-approval-times,28.0
ny llc publication service,,0,0,0.0,2,33.68,0.0,43.75,OUT OF SCOPE — LLC (sister company),27.9
registering a foreign llc in new york,62.6,29,0,0.0,0,0.0,0.0,0.0,/foreign-pllc,27.8
start pllc,,0,0,0.0,3,33.11,0.0,43.01,/,27.8
licensed mental health counselor,33.5,11,0,0.0,0,0.0,0.0,0.0,/professions/mhc,27.7
pllc registered agent,11.0,2,0,0.0,0,0.0,0.0,0.0,/virtual-address-services,27.4
pllc medical,27.0,2,0,0.0,0,0.0,0.0,0.0,/,27.4
forming an llc in new york state,,0,0,0.0,1,30.03,0.0,39.01,OUT OF SCOPE — LLC (sister company),27.4
ny llc publishing,,0,0,0.0,3,29.92,0.0,38.86,OUT OF SCOPE — LLC (sister company),27.4
professional limited liability company,61.4,7,0,0.0,1,3.66,0.0,4.75,/,27.2
virtual address and phone number for llc,76.2,26,0,0.0,0,0.0,0.0,0.0,/virtual-address-services,27.1
nys professional engineer,34.9,10,0,0.0,0,0.0,0.0,0.0,/professions/engineer,27.1
foreign llc doing business in ny,70.2,24,0,0.0,0,0.0,0.0,0.0,/foreign-pllc,26.6
foreign llc doing business in new york,66.1,24,0,0.0,0,0.0,0.0,0.0,/foreign-pllc,26.6
pllc company,49.0,1,0,0.0,2,7.02,0.0,9.12,/,26.6
the new york registered agent co,,0,0,0.0,1,24.51,0.0,31.84,/virtual-address-services,26.4
virtual office address in new york,92.2,23,0,0.0,0,0.0,0.0,0.0,/virtual-address-services,26.3
is a pllc a corporation,78.0,23,0,0.0,0,0.0,0.0,0.0,/,26.3
form an llc in ny online,92.1,23,0,0.0,0,0.0,0.0,0.0,OUT OF SCOPE — LLC (sister company),26.3
ny llc,,0,0,0.0,1,23.75,0.0,30.85,OUT OF SCOPE — LLC (sister company),26.3
check llc availability,,0,0,0.0,1,23.23,0.0,30.17,OUT OF SCOPE — LLC (sister company),26.2
register foreign llc in ny,60.5,22,0,0.0,0,0.0,0.0,0.0,/foreign-pllc,26.1
how to get a virtual address for llc,73.0,22,0,0.0,0,0.0,0.0,0.0,/virtual-address-services,26.1
how to register foreign llc in new york,71.0,22,0,0.0,0,0.0,0.0,0.0,/foreign-pllc,26.1
open pllc,4.8,5,0,0.0,0,0.0,0.0,0.0,/,26.0
formation professional,5.4,5,0,0.0,0,0.0,0.0,0.0,/,26.0
forming pllc in new york,,0,0,0.0,3,22.33,0.0,29.01,/,26.0
how to form an llc,81.4,21,0,0.0,0,0.0,0.0,0.0,/how-to-form-a-pllc-in-ny,25.8
nurse practitioner new york,59.9,21,0,0.0,0,0.0,0.0,0.0,/professions/nurse-practitioner,25.8
best way to form llc,93.1,21,0,0.0,0,0.0,0.0,0.0,OUT OF SCOPE — LLC (sister company),25.8
how to form an llc in nys,93.0,21,0,0.0,0,0.0,0.0,0.0,/how-to-form-a-pllc-in-ny,25.8
ny registered agent search,,0,0,0.0,1,19.72,0.0,25.61,/virtual-address-services,25.5
professional business address & virtual mail service,53.7,19,0,0.0,0,0.0,0.0,0.0,/virtual-address-services,25.1
formation new york,33.9,7,0,0.0,0,0.0,0.0,0.0,/,25.0
how to form a professional corporation in new york,,0,0,0.0,1,18.02,0.0,23.41,/how-to-form-a-pllc-in-ny,25.0
ny llc publishing service,,0,0,0.0,1,17.91,0.0,23.26,OUT OF SCOPE — LLC (sister company),25.0
articles of organization lawyer,77.9,18,0,0.0,0,0.0,0.0,0.0,/professions/law,24.8
free virtual address for llc,78.8,18,0,0.0,0,0.0,0.0,0.0,/virtual-address-services,24.8
form llc in new york,90.3,18,0,0.0,0,0.0,0.0,0.0,OUT OF SCOPE — LLC (sister company),24.8
new york virtual office address,81.5,18,0,0.0,0,0.0,0.0,0.0,/virtual-address-services,24.8
law pllc,27.0,1,0,0.0,0,0.0,0.0,0.0,/,24.7
best llc formation services for new york 2026,14.0,1,0,0.0,0,0.0,0.0,0.0,OUT OF SCOPE — LLC (sister company),24.7
new york llc formation packages with compliance help,11.0,1,0,0.0,0,0.0,0.0,0.0,OUT OF SCOPE — LLC (sister company),24.7
list companies offering online llc formation services in new york.,12.0,1,0,0.0,0,0.0,0.0,0.0,OUT OF SCOPE — LLC (sister company),24.7
"bellmore, ny new business formation",15.0,1,0,0.0,0,0.0,0.0,0.0,/,24.7
best llc formation services 2025 2026,12.0,1,0,0.0,0,0.0,0.0,0.0,OUT OF SCOPE — LLC (sister company),24.7
what type of lawyer handles llc formation,12.0,1,0,0.0,0,0.0,0.0,0.0,/professions/law,24.7
new york pllc psychotherapist formation,11.0,1,0,0.0,0,0.0,0.0,0.0,/,24.7
md pllc,16.0,1,0,0.0,0,0.0,0.0,0.0,/,24.7
best reliable new york llc formation services with compliance help 2026,11.0,1,0,0.0,0,0.0,0.0,0.0,OUT OF SCOPE — LLC (sister company),24.7
entity formation attorney,21.0,1,0,0.0,0,0.0,0.0,0.0,/professions/law,24.7
forming pllc,,0,0,0.0,1,16.75,0.0,21.76,/,24.7
ny llcta,,0,0,0.0,1,16.65,0.0,21.63,GAP — no page,24.7
how to start a pllc in new york,,0,0,0.0,4,16.47,0.0,21.39,/how-to-form-a-pllc-in-ny,24.6
how to form a llc in new york,89.1,17,0,0.0,0,0.0,0.0,0.0,/how-to-form-a-pllc-in-ny,24.4
pllc requirements,32.5,6,0,0.0,0,0.0,0.0,0.0,/,24.1
pllc dentist,31.5,6,0,0.0,0,0.0,0.0,0.0,/professions/dentist,24.1
lawyer llc formation,39.2,6,0,0.0,0,0.0,0.0,0.0,/professions/law,24.1
formation online,39.7,6,0,0.0,0,0.0,0.0,0.0,/,24.1
professional corporation new york,,0,0,0.0,3,14.51,0.0,18.85,/,24.1
new york foreign entity registration,57.5,16,0,0.0,0,0.0,0.0,0.0,/foreign-pllc,24.0
register foreign llc in new york,63.2,16,0,0.0,0,0.0,0.0,0.0,/foreign-pllc,24.0
llc publication service the bronx,79.6,16,0,0.0,0,0.0,0.0,0.0,OUT OF SCOPE — LLC (sister company),24.0
business filing solutions,,0,0,0.0,1,14.4,0.0,18.7,/,24.0
new york professional corporation,,0,0,0.0,1,14.33,0.0,18.61,/,24.0
my pllc,,0,0,0.0,2,13.31,1.0,17.29,/,23.7
how to form a llc in ny,90.2,15,0,0.0,0,0.0,0.0,0.0,/how-to-form-a-pllc-in-ny,23.6
best place to form llc online,79.5,15,0,0.0,0,0.0,0.0,0.0,OUT OF SCOPE — LLC (sister company),23.6
pllc ein number,68.4,15,0,0.0,0,0.0,0.0,0.0,/,23.6
where do i go to form an llc,80.7,15,0,0.0,0,0.0,0.0,0.0,OUT OF SCOPE — LLC (sister company),23.6
virtual po box for llc,79.1,15,0,0.0,0,0.0,0.0,0.0,OUT OF SCOPE — LLC (sister company),23.6
pllc online,,0,0,0.0,1,12.57,0.0,16.33,/,23.4
pllc cost,7.3,3,0,0.0,0,0.0,0.0,0.0,/ny-pllc-cost,23.3
pllc form,9.7,3,0,0.0,0,0.0,0.0,0.0,/,23.3
new york pllc formation steps,9.3,3,0,0.0,0,0.0,0.0,0.0,/,23.3
where to form an llc,78.7,14,0,0.0,0,0.0,0.0,0.0,OUT OF SCOPE — LLC (sister company),23.2
virtual address and mail forwarding,53.1,14,0,0.0,0,0.0,0.0,0.0,/virtual-address-services,23.2
virtual business address with mail forwarding,60.4,14,0,0.0,0,0.0,0.0,0.0,/virtual-address-services,23.2
convert llc to pllc new york,,0,0,0.0,1,11.6,0.0,15.07,/,23.1
new york publication requirement,,0,0,0.0,1,10.98,0.0,14.26,GAP — no page,22.8
how do you form an llc,84.5,13,0,0.0,0,0.0,0.0,0.0,OUT OF SCOPE — LLC (sister company),22.7
qualification to do business in new york,67.9,13,0,0.0,0,0.0,0.0,0.0,/foreign-pllc,22.7
business formation services near me,71.3,13,0,0.0,0,0.0,0.0,0.0,/,22.7
virtual address llc,52.7,13,0,0.0,0,0.0,0.0,0.0,/virtual-address-services,22.7
"""virtual address""",56.2,13,0,0.0,0,0.0,0.0,0.0,/virtual-address-services,22.7
virtual address in new york city,73.8,13,0,0.0,0,0.0,0.0,0.0,/virtual-address-services,22.7
new york llc publishing,,0,0,0.0,1,10.54,0.0,13.69,OUT OF SCOPE — LLC (sister company),22.7
nyc llc publication service,,0,0,0.0,2,10.44,0.0,13.56,OUT OF SCOPE — LLC (sister company),22.6
how to form a llc,82.7,12,0,0.0,0,0.0,0.0,0.0,/how-to-form-a-pllc-in-ny,22.2
optometrist insurance credentialing,75.8,12,0,0.0,0,0.0,0.0,0.0,/professions/optometrist,22.2
virtual llc,52.2,12,0,0.0,0,0.0,0.0,0.0,OUT OF SCOPE — LLC (sister company),22.2
how do you form a llc,84.8,12,0,0.0,0,0.0,0.0,0.0,/how-to-form-a-pllc-in-ny,22.2
best place to form an llc,77.1,12,0,0.0,0,0.0,0.0,0.0,OUT OF SCOPE — LLC (sister company),22.2
physical therapy practice name requirements,53.9,12,0,0.0,0,0.0,0.0,0.0,/professions/physical-therapist,22.2
how to form an llc in ny online,91.0,12,0,0.0,0,0.0,0.0,0.0,/how-to-form-a-pllc-in-ny,22.2
best place to form llc,78.2,12,0,0.0,0,0.0,0.0,0.0,OUT OF SCOPE — LLC (sister company),22.2
setting up a pllc,48.5,4,0,0.0,0,0.0,0.0,0.0,/,21.8
501(c)(3) formation attorney,43.2,4,0,0.0,0,0.0,0.0,0.0,/professions/law,21.8
how can i form an llc,89.5,11,0,0.0,0,0.0,0.0,0.0,OUT OF SCOPE — LLC (sister company),21.7
new york state architecture license,50.7,11,0,0.0,0,0.0,0.0,0.0,GAP — no page,21.7
how do i get a virtual address for my llc,70.4,11,0,0.0,0,0.0,0.0,0.0,/virtual-address-services,21.7
ny pllc requirements,,0,0,0.0,2,8.43,0.0,10.95,/,21.7
certificate of incorporation new york,,0,0,0.0,1,8.08,0.0,10.5,GAP — no page,21.5
professional llc formation service,7.5,2,0,0.0,0,0.0,0.0,0.0,OUT OF SCOPE — LLC (sister company),21.4
business entity formation package york,7.0,2,0,0.0,0,0.0,0.0,0.0,/,21.4
new york pllc psychotherapist formation requirements,9.0,2,0,0.0,0,0.0,0.0,0.0,/,21.4
my startup llc,,0,0,0.0,1,7.55,0.0,9.81,OUT OF SCOPE — LLC (sister company),21.2
new york biennial report filing,,0,0,0.0,1,7.52,0.0,9.77,/,21.2
how do i form an llc,87.6,10,0,0.0,0,0.0,0.0,0.0,OUT OF SCOPE — LLC (sister company),21.1
professional engineer,75.0,10,0,0.0,0,0.0,0.0,0.0,/professions/engineer,21.1
new york nurse practitioner license,58.1,10,0,0.0,0,0.0,0.0,0.0,/professions/nurse-practitioner,21.1
virtual office address for llc,89.8,10,0,0.0,0,0.0,0.0,0.0,/virtual-address-services,21.1
is there a registered agent that handles both mail forwarding and us tax filing?,57.3,10,0,0.0,0,0.0,0.0,0.0,/virtual-address-services,21.1
can i use a virtual address for my llc,89.2,10,0,0.0,0,0.0,0.0,0.0,/virtual-address-services,21.1
new york pllc articles of organization,,0,0,0.0,1,7.38,0.0,9.59,/,21.1
ny state llc publication requirement,,0,0,0.0,1,7.35,0.0,9.55,OUT OF SCOPE — LLC (sister company),21.1
set up pllc,,0,0,0.0,1,7.07,0.0,9.18,/,20.9
new york llc publication service,,0,0,0.0,1,6.73,0.0,8.74,OUT OF SCOPE — LLC (sister company),20.7
new york llc publication,,0,0,0.0,1,6.58,0.0,8.55,OUT OF SCOPE — LLC (sister company),20.6
professional limited liability company pllc,76.7,9,0,0.0,0,0.0,0.0,0.0,/,20.5
dental corporation formation,74.9,9,0,0.0,0,0.0,0.0,0.0,/,20.5
pllc articles of organization,32.3,3,0,0.0,0,0.0,0.0,0.0,/,20.3
llc formation services white plains,44.7,3,0,0.0,0,0.0,0.0,0.0,OUT OF SCOPE — LLC (sister company),20.3
llc publication nyc,,0,0,0.0,1,5.91,1.0,7.68,OUT OF SCOPE — LLC (sister company),20.2
publish my llc,,0,0,0.0,1,5.85,0.0,7.6,OUT OF SCOPE — LLC (sister company),20.1
new york licensing services,,0,0,0.0,2,5.59,0.0,7.26,GAP — no page,19.9
new york llc newspaper publication,,0,0,0.0,1,5.57,0.0,7.24,OUT OF SCOPE — LLC (sister company),19.9
llc qualifications,,0,0,0.0,1,5.48,0.0,7.12,OUT OF SCOPE — LLC (sister company),19.9
affective lcsw services,,0,0,0.0,1,4.92,0.0,6.39,/professions/lcsw,19.4
manhattan business lawyer,,0,0,0.0,1,4.82,0.0,6.26,/professions/law,19.3
pllc nurse practitioner,,0,0,0.0,1,4.73,0.0,6.14,/professions/nurse-practitioner,19.3
pllc lawyer near me,,0,0,0.0,1,4.68,0.0,6.08,/professions/law,19.2
new york llc publication cost,,0,0,0.0,1,4.22,0.0,5.48,/ny-pllc-cost,18.8
how to set up pllc,1.0,1,0,0.0,0,0.0,0.0,0.0,/how-to-form-a-pllc-in-ny,18.7
lcsw pllc,1.0,1,0,0.0,0,0.0,0.0,0.0,/professions/lcsw,18.7
professional limited liability company (pllc),10.0,1,0,0.0,0,0.0,0.0,0.0,/,18.7
for massage therapy,4.0,1,1,100.0,0,0.0,0.0,0.0,/professions/massage-therapist,18.7
usa pathology pllc,1.0,1,0,0.0,0,0.0,0.0,0.0,/,18.7
which companies in online llc formation services in new york are underrated?,1.0,1,0,0.0,0,0.0,0.0,0.0,OUT OF SCOPE — LLC (sister company),18.7
pllc credential,1.0,1,0,0.0,0,0.0,0.0,0.0,/,18.7
hill and holler formation services,7.0,1,0,0.0,0,0.0,0.0,0.0,/,18.7
new york pllc psychotherapist formation steps,4.0,1,0,0.0,0,0.0,0.0,0.0,/,18.7
susana abarca law office pllc,2.0,1,0,0.0,0,0.0,0.0,0.0,/,18.7
dental pllc,1.0,1,0,0.0,0,0.0,0.0,0.0,/,18.7
pllc law firms and attorneys,3.0,1,0,0.0,0,0.0,0.0,0.0,/,18.7
ein for pllc,2.0,1,0,0.0,0,0.0,0.0,0.0,/,18.7
authorization to do business in ny,,0,0,0.0,1,4.06,0.0,5.27,/foreign-pllc,18.6
professional limited liability company formation,,0,0,0.0,1,3.85,0.0,5.0,/,18.4
lcsw website,,0,0,0.0,1,3.75,0.0,4.87,/professions/lcsw,18.3
white plains llc formation services,67.0,6,0,0.0,0,0.0,0.0,0.0,OUT OF SCOPE — LLC (sister company),18.1
foreign llc in new york,63.0,6,0,0.0,0,0.0,0.0,0.0,/foreign-pllc,18.1
nurse practitioner professional corporation,57.5,6,0,0.0,0,0.0,0.0,0.0,/professions/nurse-practitioner,18.1
certificate of publication llc ny,,0,0,0.0,1,3.38,0.0,4.39,OUT OF SCOPE — LLC (sister company),17.9
pllc names,,0,0,0.0,1,3.36,0.0,4.36,/,17.9
pc or pllc,,0,0,0.0,1,3.12,0.0,4.05,/,17.6
certificate of authority new york state,,0,0,0.0,1,3.0,0.0,3.9,/foreign-pllc,17.5
pllc operating agreement new york,,0,0,0.0,1,2.88,0.0,3.74,/,17.3
llc formation companies white plains,59.4,5,0,0.0,0,0.0,0.0,0.0,OUT OF SCOPE — LLC (sister company),17.0
nys pllc requirements,,0,0,0.0,1,2.65,0.0,3.44,/,17.0
professional corporation ny,,0,0,0.0,1,2.65,0.0,3.44,/,17.0
new york pllc requirements,,0,0,0.0,1,2.23,0.0,2.9,/,16.4
pllc operating agreement,,0,0,0.0,1,2.19,0.0,2.84,/,16.3
new york secretary of state business registration,,0,0,0.0,1,2.06,0.0,2.68,GAP — no page,16.1
nys foreign llc registration,47.0,1,0,0.0,0,0.0,0.0,0.0,/foreign-pllc,15.7
best business formation services customer service,50.0,1,0,0.0,0,0.0,0.0,0.0,/,15.7
new york state business license,,0,0,0.0,1,1.48,0.0,1.92,GAP — no page,15.0
md professional llc,55.0,3,0,0.0,0,0.0,0.0,0.0,OUT OF SCOPE — LLC (sister company),14.3
pid formation services,94.0,3,0,0.0,0,0.0,0.0,0.0,/,14.3
white plains business formation services,97.0,3,0,0.0,0,0.0,0.0,0.0,/,14.3
llc new york registration,,0,0,0.0,2,1.0,0.0,1.3,OUT OF SCOPE — LLC (sister company),13.9
new york business license application,,0,0,0.0,1,0.87,0.0,1.13,GAP — no page,13.6
pllc ein,54.0,2,0,0.0,0,0.0,0.0,0.0,/,12.4
naming a licensed clinical social worker professional corporation,60.5,2,0,0.0,0,0.0,0.0,0.0,/,12.4
business formation services white plains,73.5,2,0,0.0,0,0.0,0.0,0.0,/,12.4
foreign qualification requirements by state,72.0,2,0,0.0,0,0.0,0.0,0.0,/foreign-pllc,12.4
new york llc formation,,0,0,0.0,1,0.49,0.0,0.64,OUT OF SCOPE — LLC (sister company),12.3
articles of organization professional llc,70.0,1,0,0.0,0,0.0,0.0,0.0,OUT OF SCOPE — LLC (sister company),9.7
white plains llc formation companies,53.0,1,0,0.0,0,0.0,0.0,0.0,OUT OF SCOPE — LLC (sister company),9.7
