campaign.name,ad_group.name,ad_group.status,ad_group_ad.ad.id,ad_group_ad.status,ad_group_ad.policy_summary.approval_status
Sales-Search-1,NY PLLC Formation,ENABLED,780467444330,ENABLED,APPROVED_LIMITED
Sales-Search-1,LCSW PLLC,REMOVED,780474554790,ENABLED,UNKNOWN
Sales-Search-1,Physical Therapy PLLC,REMOVED,781071323014,ENABLED,UNKNOWN
Sales-Search-1,MHC PLLC,REMOVED,781162972514,ENABLED,UNKNOWN
02_Professions_NY,MHC-LMHC,ENABLED,816177571800,ENABLED,APPROVED
02_Professions_NY,Physicians,ENABLED,816177572094,ENABLED,APPROVED
02_Professions_NY,Architects,ENABLED,816177572130,ENABLED,APPROVED_LIMITED
02_Professions_NY,Therapists-LCSW,ENABLED,816177627501,ENABLED,APPROVED_LIMITED
02_Professions_NY,Psychology,ENABLED,816177627516,ENABLED,APPROVED
02_Professions_NY,Dentists,ENABLED,816177627579,ENABLED,APPROVED_LIMITED
02_Professions_NY,Therapists-LCSW,ENABLED,816177653268,ENABLED,APPROVED_LIMITED
02_Professions_NY,Nurse-Practitioners,ENABLED,816177654126,ENABLED,APPROVED_LIMITED
02_Professions_NY,Psychology,ENABLED,816177690477,ENABLED,APPROVED_LIMITED
02_Professions_NY,Engineers,ENABLED,816177690660,ENABLED,APPROVED
02_Professions_NY,Engineers,ENABLED,816177690663,ENABLED,APPROVED
02_Professions_NY,CPAs,ENABLED,816177690696,ENABLED,APPROVED_LIMITED
02_Professions_NY,Physicians,ENABLED,816177715371,ENABLED,APPROVED
02_Professions_NY,Architects,ENABLED,816177715404,ENABLED,APPROVED
02_Professions_NY,Dentists,ENABLED,816212947660,ENABLED,APPROVED
02_Professions_NY,Nurse-Practitioners,ENABLED,816213137482,ENABLED,APPROVED_LIMITED
02_Professions_NY,Physical-Therapy,ENABLED,816213137656,ENABLED,APPROVED_LIMITED
02_Professions_NY,Physical-Therapy,ENABLED,816213137665,ENABLED,APPROVED
02_Professions_NY,CPAs,ENABLED,816213183748,ENABLED,APPROVED
01_Core_Exact_NY,Brand,ENABLED,816213511561,ENABLED,APPROVED_LIMITED
01_Core_Exact_NY,Brand,ENABLED,816213555055,ENABLED,APPROVED_LIMITED
01_Core_Exact_NY,Formation-Core,ENABLED,816213581518,ENABLED,DISAPPROVED
01_Core_Exact_NY,Service-Intent,ENABLED,816213581680,ENABLED,DISAPPROVED
01_Core_Exact_NY,Cost-Price,ENABLED,816213589888,ENABLED,APPROVED
02_Professions_NY,MHC-LMHC,ENABLED,816285615071,ENABLED,APPROVED
01_Core_Exact_NY,Formation-Core,ENABLED,816286133015,PAUSED,APPROVED_LIMITED
01_Core_Exact_NY,Service-Intent,ENABLED,816286167770,ENABLED,DISAPPROVED
01_Core_Exact_NY,Cost-Price,ENABLED,816286168247,ENABLED,APPROVED
03_ForeignQual_US,New-Jersey,ENABLED,816457007739,ENABLED,APPROVED
03_ForeignQual_US,New-Jersey,ENABLED,816457007748,ENABLED,APPROVED
03_ForeignQual_US,Florida,ENABLED,816492183028,ENABLED,APPROVED
03_ForeignQual_US,Florida,ENABLED,816492802720,ENABLED,APPROVED_LIMITED
03_ForeignQual_US,Connecticut,ENABLED,816565002929,ENABLED,APPROVED
03_ForeignQual_US,Texas,ENABLED,816565052300,ENABLED,APPROVED
03_ForeignQual_US,Pennsylvania,ENABLED,816565086719,ENABLED,APPROVED
03_ForeignQual_US,Pennsylvania,ENABLED,816565086854,ENABLED,APPROVED
03_ForeignQual_US,Texas,ENABLED,816565087115,ENABLED,APPROVED
03_ForeignQual_US,Connecticut,ENABLED,816565091975,ENABLED,APPROVED
02_Professions_NY,Attorneys,PAUSED,823134166556,ENABLED,DISAPPROVED
02_Professions_NY,Attorneys,PAUSED,823134166682,ENABLED,DISAPPROVED
03_ForeignQual_US,Colorado,ENABLED,824958335413,ENABLED,APPROVED
03_ForeignQual_US,Colorado,ENABLED,824958368338,ENABLED,APPROVED
03_ForeignQual_US,Generic-ForeignQual,ENABLED,824965317526,ENABLED,APPROVED
03_ForeignQual_US,Generic-ForeignQual,ENABLED,824965325695,ENABLED,APPROVED
03_ForeignQual_US,California,ENABLED,825042066920,ENABLED,APPROVED
03_ForeignQual_US,California,ENABLED,825042775661,ENABLED,APPROVED
