campaign.name,shared_set.name
Sales-Search-1,Neg B — Research DIY education
Sales-Search-1,Neg C — Wrong intent lookup jobs school
Sales-Search-1,Neg E — Publishing-only intent
Sales-Search-1,Neg A — Other states (excl NY)
Sales-Search-1,Neg D — Freebie price-shopping junk
03_ForeignQual_US,Neg B — Research DIY education
03_ForeignQual_US,Neg A-FQ — Other states (excl NY + FQ origins)
03_ForeignQual_US,Neg C — Wrong intent lookup jobs school
03_ForeignQual_US,Neg E — Publishing-only intent
03_ForeignQual_US,Neg D — Freebie price-shopping junk
02_Professions_NY,Neg B — Research DIY education
02_Professions_NY,Neg C — Wrong intent lookup jobs school
02_Professions_NY,Neg E — Publishing-only intent
02_Professions_NY,Neg A — Other states (excl NY)
02_Professions_NY,Neg D — Freebie price-shopping junk
01_Core_Exact_NY,Neg B — Research DIY education
01_Core_Exact_NY,Neg C — Wrong intent lookup jobs school
01_Core_Exact_NY,Neg E — Publishing-only intent
01_Core_Exact_NY,Neg A — Other states (excl NY)
01_Core_Exact_NY,Neg D — Freebie price-shopping junk
