segments.date,campaign.id,campaign.name,campaign.status,campaign.advertising_channel_type,campaign.bidding_strategy_type,campaign_budget.amount_micros,metrics.impressions,metrics.clicks,metrics.ctr,metrics.average_cpc,metrics.cost_micros,metrics.conversions,metrics.conversions_by_conversion_date,metrics.all_conversions,metrics.cost_per_conversion,metrics.conversions_from_interactions_rate,metrics.absolute_top_impression_percentage,metrics.top_impression_percentage,metrics.search_impression_share,metrics.search_rank_lost_impression_share,metrics.search_budget_lost_impression_share
2026-07-09,24022049179,01_Core_Exact_NY,ENABLED,SEARCH,TARGET_CPA,45000000,4,0,0.0,0.0,0,0.0,0.0,0.0,0.0,0.0,0.3333333333333333,1.0,0.6,0.4,0.0
2026-07-09,23165646939,Sales-Search-1,ENABLED,SEARCH,TARGET_CPA,500000000,67,5,0.07462686567164178,9276597.4,46382987,2.0,2.0,5.0,23191493.5,0.4,0.1320754716981132,0.6981132075471698,0.15588235294117647,0.8441176470588235,0.0
2026-07-10,24022049179,01_Core_Exact_NY,ENABLED,SEARCH,TARGET_CPA,45000000,4,0,0.0,0.0,0,0.0,0.0,0.0,0.0,0.0,0.5,1.0,0.25,0.75,0.0
2026-07-10,23165646939,Sales-Search-1,ENABLED,SEARCH,TARGET_CPA,500000000,48,1,0.020833333333333332,10550000.0,10550000,0.0,0.0,0.0,0.0,0.0,0.07894736842105263,0.7894736842105263,0.13448275862068965,0.8655172413793103,0.0
2026-07-11,24022049179,01_Core_Exact_NY,ENABLED,SEARCH,TARGET_CPA,45000000,4,1,0.25,780000.0,780000,0.0,0.0,1.0,0.0,0.0,0.25,1.0,0.36363636363636365,0.6363636363636364,0.0
2026-07-11,23165646939,Sales-Search-1,ENABLED,SEARCH,TARGET_CPA,500000000,31,1,0.03225806451612903,3570000.0,3570000,0.0,0.0,0.0,0.0,0.0,0.12,0.8,0.15151515151515152,0.8484848484848485,0.0
2026-07-12,24022049179,01_Core_Exact_NY,ENABLED,SEARCH,TARGET_CPA,45000000,3,0,0.0,0.0,0,0.0,0.0,0.0,0.0,0.0,0.0,0.3333333333333333,0.4,0.6,0.0
2026-07-12,23165646939,Sales-Search-1,ENABLED,SEARCH,TARGET_CPA,500000000,41,1,0.024390243902439025,3260000.0,3260000,0.0,0.0,0.0,0.0,0.0,0.12903225806451613,0.6774193548387096,0.21476510067114093,0.785234899328859,0.0
2026-07-13,24022049179,01_Core_Exact_NY,ENABLED,SEARCH,TARGET_CPA,45000000,12,0,0.0,0.0,0,0.0,0.0,0.0,0.0,0.0,0.0,0.8,0.5882352941176471,0.4117647058823529,0.0
2026-07-13,23165646939,Sales-Search-1,ENABLED,SEARCH,TARGET_CPA,500000000,63,3,0.047619047619047616,11952432.0,35857296,0.0,1.0,1.0,0.0,0.0,0.10638297872340426,0.723404255319149,0.1260053619302949,0.8739946380697051,0.0
2026-07-14,24022049179,01_Core_Exact_NY,ENABLED,SEARCH,TARGET_CPA,45000000,25,3,0.12,13630000.0,40890000,0.0,0.0,0.0,0.0,0.0,0.15789473684210525,0.8421052631578947,0.6333333333333333,0.36666666666666664,0.0
2026-07-14,23165646939,Sales-Search-1,ENABLED,SEARCH,TARGET_CPA,500000000,64,5,0.078125,9936000.0,49680000,1.0,1.0,3.111278,49680000.0,0.2,0.24444444444444444,0.7555555555555555,0.12860892388451445,0.8713910761154856,0.0
2026-07-15,24022049179,01_Core_Exact_NY,ENABLED,SEARCH,TARGET_CPA,45000000,18,3,0.16666666666666666,7866666.666666667,23600000,0.0,0.0,2.0,0.0,0.0,0.21428571428571427,0.9285714285714286,0.5833333333333334,0.4166666666666667,0.0
2026-07-15,23165646939,Sales-Search-1,ENABLED,SEARCH,TARGET_CPA,500000000,73,6,0.0821917808219178,16372034.333333334,98232206,2.0,1.0,5.888722,49116103.0,0.3333333333333333,0.2549019607843137,0.8627450980392157,0.1356382978723404,0.8643617021276596,0.0
2026-07-16,24022049179,01_Core_Exact_NY,ENABLED,SEARCH,TARGET_CPA,45000000,12,0,0.0,0.0,0,0.0,0.0,0.0,0.0,0.0,0.1,0.9,0.5882352941176471,0.4117647058823529,0.0
2026-07-16,23165646939,Sales-Search-1,ENABLED,SEARCH,TARGET_CPA,500000000,63,8,0.12698412698412698,11891113.125,95128905,1.0,1.0,5.0,95128905.0,0.125,0.26666666666666666,0.8,0.11194029850746269,0.8880597014925373,0.0
2026-07-17,24022049179,01_Core_Exact_NY,ENABLED,SEARCH,TARGET_CPA,45000000,12,1,0.08333333333333333,2480000.0,2480000,0.0,0.0,0.0,0.0,0.0,0.375,1.0,0.42105263157894735,0.5789473684210527,0.0
2026-07-17,23165646939,Sales-Search-1,ENABLED,SEARCH,TARGET_CPA,500000000,32,3,0.09375,7863333.333333333,23590000,0.0,2.0,0.0,0.0,0.0,0.11538461538461539,0.7307692307692307,0.0999,0.9001,0.0
2026-07-18,24022049179,01_Core_Exact_NY,ENABLED,SEARCH,TARGET_CPA,45000000,5,1,0.2,6010000.0,6010000,0.0,0.0,0.0,0.0,0.0,0.5,1.0,0.5714285714285714,0.42857142857142855,0.0
2026-07-18,23165646939,Sales-Search-1,ENABLED,SEARCH,TARGET_CPA,500000000,18,0,0.0,0.0,0,0.0,1.0,0.0,0.0,0.0,0.42857142857142855,0.9285714285714286,0.10852713178294573,0.8914728682170543,0.0
2026-07-19,24022049179,01_Core_Exact_NY,ENABLED,SEARCH,TARGET_CPA,45000000,4,0,0.0,0.0,0,0.0,0.0,0.0,0.0,0.0,0.0,1.0,0.6666666666666666,0.3333333333333333,0.0
2026-07-19,23165646939,Sales-Search-1,ENABLED,SEARCH,TARGET_CPA,500000000,44,0,0.0,0.0,0,0.0,0.0,0.0,0.0,0.0,0.3333333333333333,0.7272727272727273,0.28448275862068967,0.7155172413793104,0.0
2026-07-20,24022049179,01_Core_Exact_NY,ENABLED,SEARCH,TARGET_CPA,45000000,12,2,0.16666666666666666,13910000.0,27820000,0.0,0.0,0.0,0.0,0.0,0.18181818181818182,1.0,0.5,0.5,0.0
2026-07-20,23165646939,Sales-Search-1,ENABLED,SEARCH,TARGET_CPA,500000000,66,7,0.10606060606060606,11996027.142857144,83972190,0.0,0.0,2.509395,0.0,0.0,0.2916666666666667,0.875,0.1523809523809524,0.8476190476190476,0.0
2026-07-21,24022049179,01_Core_Exact_NY,ENABLED,SEARCH,TARGET_CPA,45000000,6,1,0.16666666666666666,5540000.0,5540000,0.0,0.0,0.0,0.0,0.0,0.4,1.0,0.3333333333333333,0.6666666666666666,0.0
2026-07-21,23165646939,Sales-Search-1,ENABLED,SEARCH,TARGET_CPA,500000000,55,4,0.07272727272727272,9572500.0,38290000,1.0,0.0,3.490605,38290000.0,0.25,0.2564102564102564,0.8205128205128205,0.11079545454545454,0.8892045454545454,0.0
2026-07-22,24022049179,01_Core_Exact_NY,ENABLED,SEARCH,TARGET_CPA,45000000,13,1,0.07692307692307693,3970000.0,3970000,0.0,0.0,1.018791,0.0,0.0,0.2727272727272727,0.8181818181818182,0.44,0.56,0.0
2026-07-22,23165646939,Sales-Search-1,ENABLED,SEARCH,TARGET_CPA,500000000,75,6,0.08,6190204.833333333,37141229,0.0,1.0,2.0,0.0,0.0,0.27586206896551724,0.7413793103448276,0.17159763313609466,0.8284023668639053,0.0
2026-07-23,24022049179,01_Core_Exact_NY,ENABLED,SEARCH,TARGET_CPA,45000000,9,2,0.2222222222222222,12395000.0,24790000,0.0,0.0,0.0,0.0,0.0,0.42857142857142855,0.8571428571428571,0.4666666666666667,0.5333333333333333,0.0
2026-07-23,23165646939,Sales-Search-1,ENABLED,SEARCH,TARGET_CPA,500000000,73,9,0.1232876712328767,5300429.222222222,47703863,0.0,0.0,1.981209,0.0,0.0,0.2549019607843137,0.7843137254901961,0.2015810276679842,0.7984189723320159,0.0
2026-07-24,24022049179,01_Core_Exact_NY,ENABLED,SEARCH,TARGET_CPA,45000000,9,2,0.2222222222222222,5645000.0,11290000,0.0,0.0,0.0,0.0,0.0,0.125,0.625,0.6153846153846154,0.38461538461538464,0.0
2026-07-24,23165646939,Sales-Search-1,ENABLED,SEARCH,TARGET_CPA,500000000,57,3,0.05263157894736842,5940000.0,17820000,0.0,0.0,1.0,0.0,0.0,0.325,0.875,0.2303370786516854,0.7696629213483146,0.0
2026-07-25,24022049179,01_Core_Exact_NY,ENABLED,SEARCH,TARGET_CPA,45000000,0,0,0.0,0.0,0,0.0,0.0,0.0,0.0,0.0,0.0,0.0,0.0999,0.9001,0.0
2026-07-25,23165646939,Sales-Search-1,ENABLED,SEARCH,TARGET_CPA,500000000,21,4,0.19047619047619047,8417500.0,33670000,0.0,0.0,1.0,0.0,0.0,0.13333333333333333,0.6666666666666666,0.17857142857142858,0.8214285714285714,0.0
2026-07-26,24022049179,01_Core_Exact_NY,ENABLED,SEARCH,TARGET_CPA,45000000,5,1,0.2,1760000.0,1760000,0.0,0.0,0.0,0.0,0.0,0.3333333333333333,1.0,0.6,0.4,0.0
2026-07-26,23165646939,Sales-Search-1,ENABLED,SEARCH,TARGET_CPA,500000000,12,1,0.08333333333333333,9130000.0,9130000,0.0,0.0,0.0,0.0,0.0,0.125,0.875,0.13793103448275862,0.8620689655172413,0.0
2026-07-27,24022049179,01_Core_Exact_NY,ENABLED,SEARCH,TARGET_CPA,45000000,1,0,0.0,0.0,0,0.0,0.0,0.0,0.0,0.0,0.0,0.0,0.0,0.0,0.0
2026-07-27,23165646939,Sales-Search-1,ENABLED,SEARCH,TARGET_CPA,500000000,13,0,0.0,0.0,0,0.0,0.0,0.0,0.0,0.0,0.5,0.8,0.0999,0.9001,0.0
