campaign.name,ad_group.name,ad_group_ad.ad.id,ad_group.status,ad_group_ad.status,ad_group_ad.policy_summary.approval_status
Sales-Search-1,NY PLLC Formation,780467444330,ENABLED,ENABLED,APPROVED_LIMITED
03_ForeignQual_US,Pennsylvania,816565086719,ENABLED,ENABLED,APPROVED
03_ForeignQual_US,Pennsylvania,816565086854,ENABLED,ENABLED,APPROVED
03_ForeignQual_US,Connecticut,816565002929,ENABLED,ENABLED,APPROVED
03_ForeignQual_US,Connecticut,816565091975,ENABLED,ENABLED,APPROVED
03_ForeignQual_US,New-Jersey,816457007739,ENABLED,ENABLED,APPROVED
03_ForeignQual_US,New-Jersey,816457007748,ENABLED,ENABLED,APPROVED
03_ForeignQual_US,Generic-ForeignQual,824965317526,ENABLED,ENABLED,APPROVED
03_ForeignQual_US,Generic-ForeignQual,824965325695,ENABLED,ENABLED,APPROVED
03_ForeignQual_US,Texas,816565052300,ENABLED,ENABLED,APPROVED
03_ForeignQual_US,Texas,816565087115,ENABLED,ENABLED,APPROVED
03_ForeignQual_US,California,825042066920,ENABLED,ENABLED,APPROVED
03_ForeignQual_US,California,825042775661,ENABLED,ENABLED,APPROVED
03_ForeignQual_US,Colorado,824958335413,ENABLED,ENABLED,APPROVED
03_ForeignQual_US,Colorado,824958368338,ENABLED,ENABLED,APPROVED
03_ForeignQual_US,Florida,816492183028,ENABLED,ENABLED,APPROVED
03_ForeignQual_US,Florida,816492802720,ENABLED,ENABLED,APPROVED_LIMITED
02_Professions_NY,Engineers,816177690660,ENABLED,ENABLED,APPROVED
02_Professions_NY,Engineers,816177690663,ENABLED,ENABLED,APPROVED
02_Professions_NY,Therapists-LCSW,816177627501,ENABLED,ENABLED,APPROVED_LIMITED
02_Professions_NY,Therapists-LCSW,816177653268,ENABLED,ENABLED,APPROVED_LIMITED
02_Professions_NY,MHC-LMHC,816177571800,ENABLED,ENABLED,APPROVED
02_Professions_NY,MHC-LMHC,816285615071,ENABLED,ENABLED,APPROVED
02_Professions_NY,Physicians,816177572094,ENABLED,ENABLED,APPROVED
02_Professions_NY,Physicians,816177715371,ENABLED,ENABLED,APPROVED
02_Professions_NY,Nurse-Practitioners,816177654126,ENABLED,ENABLED,APPROVED_LIMITED
02_Professions_NY,Nurse-Practitioners,816213137482,ENABLED,ENABLED,APPROVED_LIMITED
02_Professions_NY,Architects,816177572130,ENABLED,ENABLED,APPROVED_LIMITED
02_Professions_NY,Architects,816177715404,ENABLED,ENABLED,APPROVED
02_Professions_NY,Psychology,816177627516,ENABLED,ENABLED,APPROVED
02_Professions_NY,Psychology,816177690477,ENABLED,ENABLED,APPROVED_LIMITED
02_Professions_NY,Dentists,816177627579,ENABLED,ENABLED,APPROVED_LIMITED
02_Professions_NY,Dentists,816212947660,ENABLED,ENABLED,APPROVED
02_Professions_NY,CPAs,816177690696,ENABLED,ENABLED,APPROVED_LIMITED
02_Professions_NY,CPAs,816213183748,ENABLED,ENABLED,APPROVED
02_Professions_NY,Physical-Therapy,816213137656,ENABLED,ENABLED,APPROVED_LIMITED
02_Professions_NY,Physical-Therapy,816213137665,ENABLED,ENABLED,APPROVED
01_Core_Exact_NY,Cost-Price,816213589888,ENABLED,ENABLED,APPROVED
01_Core_Exact_NY,Cost-Price,816286168247,ENABLED,ENABLED,APPROVED
01_Core_Exact_NY,Formation-Core,816213581518,ENABLED,ENABLED,DISAPPROVED
01_Core_Exact_NY,Service-Intent,816213581680,ENABLED,ENABLED,DISAPPROVED
01_Core_Exact_NY,Service-Intent,816286167770,ENABLED,ENABLED,DISAPPROVED
01_Core_Exact_NY,Brand,816213511561,ENABLED,ENABLED,APPROVED_LIMITED
01_Core_Exact_NY,Brand,816213555055,ENABLED,ENABLED,APPROVED_LIMITED
