Top queries,Clicks,Impressions,CTR,Position
nypllc,22,148,14.86%,1
nypllc.com reviews,13,94,13.83%,1.61
ny pllc formation,6,396,1.52%,28.89
new york pllc formation,3,487,0.62%,25.14
form pllc new york,2,236,0.85%,37.56
pllc application ny,2,6,33.33%,9.33
pllc formation new york,1,813,0.12%,26.52
how to get a pllc,1,313,0.32%,24.78
pllc new york,1,302,0.33%,35.85
pllc ny,1,212,0.47%,44.83
how to form a pllc in new york,1,159,0.63%,36.28
ny pllc checklist,1,153,0.65%,47.57
create a pllc,1,94,1.06%,19.91
pllc legal zoom,1,74,1.35%,10.77
ny pllc,1,67,1.49%,20.4
pllc formation ny,1,24,4.17%,10.54
pllc in ny,1,21,4.76%,28.81
nys pllc formation,1,10,10%,8
yes,1,7,14.29%,5
for nys,1,2,50%,3
flat fee,1,1,100%,1
whic one,1,1,100%,1
for massage therapy,1,1,100%,4
what do i need to do,1,1,100%,7
new york pllc,0,457,0%,32.68
llc for massage therapy,0,357,0%,8.1
pllc new york cost,0,343,0%,17.39
pllc formation,0,282,0%,25.25
professional llc formation services,0,279,0%,9.3
pllc application,0,265,0%,36.71
apply for pllc,0,223,0%,27.82
how to create a pllc,0,223,0%,36.4
nyc virtual office with mail forwarding,0,205,0%,74.25
how to form a pllc,0,204,0%,35.58
pllc in new york,0,193,0%,43.91
professional llc new york,0,190,0%,41.32
nys pllc,0,182,0%,40.87
pllc formation in new york,0,155,0%,33.7
how to form a pllc in ny,0,152,0%,29.79
forming a pllc in ny,0,142,0%,30.89
pllc registration,0,140,0%,22.14
how to set up a pllc,0,138,0%,50.31
start a pllc,0,134,0%,17.89
how to form an llc in ny,0,126,0%,92.42
new york llc formation service,0,125,0%,32.05
new york pllc psychotherapist requirements,0,115,0%,8.94
do i need a pllc in new york,0,109,0%,55.61
how long does it take to form a pllc in ny,0,107,0%,8.79
mhc lp,0,104,0%,40.01
legalzoom pllc,0,101,0%,8.53
creating a pllc,0,95,0%,20.42
pllc name requirements,0,91,0%,28.3
professional business formation service,0,90,0%,21.86
best llc formation services in new york 2026,0,88,0%,12.03
professional llc,0,83,0%,48.22
registered agent mail forwarding,0,81,0%,29.14
pllc approval,0,80,0%,36.4
new york virtual address,0,80,0%,71.54
llc for nurse practioner,0,79,0%,25.57
virtual office pearl river,0,73,0%,19.44
llc for nurse practictioners,0,66,0%,25.62
lmhc,0,64,0%,40.58
new york llc formation services,0,63,0%,22.29
attorney llc formation,0,63,0%,51.46
pllc,0,59,0%,39.66
pllc formation attorneys in nyc,0,53,0%,28.09
pt registration,0,53,0%,69.09
foreign qualification new york,0,52,0%,40.31
legal zoom pllc,0,50,0%,7.96
professional new york llc formation services with ongoing legal support,0,50,0%,14.32
mail forwarding new york,0,47,0%,53.6
pt establishment,0,47,0%,66.15
best anonymous llc formation services in new york,0,46,0%,11.72
lmhc new york,0,45,0%,44.98
lmhc nyc,0,45,0%,53.67
dental practice formation,0,42,0%,5.71
who to write the check to for pllc ny state,0,42,0%,8.36
how to form llc in ny,0,41,0%,92.27
what form of llc do i need as a mental health professional,0,39,0%,28.23
best online llc formation service,0,39,0%,58.18
pllc new york state,0,36,0%,19.28
best online service to form llc,0,36,0%,64.92
pllc lawyer,0,35,0%,16.43
ny foreign qualification,0,35,0%,44.14
llc formation services near me,0,35,0%,58.83
mhc-lp,0,34,0%,41.71
registered business address service,0,34,0%,47.94
llc address service,0,34,0%,51.88
new york lcsw,0,33,0%,32.79
new york foreign llc registration,0,33,0%,60.85
best way to form an llc,0,33,0%,81.79
virtual address in new york,0,33,0%,82.06
what documents do i need to apply for massage therapist insurance?,0,32,0%,37.72
best service to form llc,0,31,0%,62.23
new york department of state pllc formation professional service,0,30,0%,8.33
best affordable new york llc formation services 2026,0,30,0%,17.23
new york state licensed mental health counselor,0,30,0%,49.87
best virtual address service for llc,0,30,0%,64.8
pllc attorney,0,29,0%,10.21
registering a foreign llc in new york,0,29,0%,62.62
p llc,0,28,0%,22.75
new york business formation services,0,27,0%,28.56
ny foreign llc registration,0,27,0%,43.7
new york state pllc,0,26,0%,30.12
best new york llc formation service,0,26,0%,38
virtual address and phone number for llc,0,26,0%,76.15
pllc vs pc new york,0,25,0%,22.32
pllc formation services,0,25,0%,26.16
law firm filing,0,24,0%,17.08
virtual business address new york,0,24,0%,49.96
foreign llc doing business in new york,0,24,0%,66.08
foreign llc doing business in ny,0,24,0%,70.25
nysed pllc,0,23,0%,9.96
pbc 1 form,0,23,0%,13.48
pllc therapist meaning,0,23,0%,32.61
can a law firm be an llc in new york,0,23,0%,34.39
llc filing services bronx ny,0,23,0%,39.57
foreign llc new york,0,23,0%,46.61
is a pllc a corporation,0,23,0%,78.04
form an llc in ny online,0,23,0%,92.13
virtual office address in new york,0,23,0%,92.17
foreign llc registration new york,0,22,0%,49.14
register foreign llc in ny,0,22,0%,60.45
how to register foreign llc in new york,0,22,0%,71
how to get a virtual address for llc,0,22,0%,73
what is a professional llc,0,22,0%,74.18
new york mail forwarding,0,21,0%,47.24
incorporation for engineers,0,21,0%,49.62
nurse practitioner new york,0,21,0%,59.9
how to form an llc,0,21,0%,81.38
how to become a nurse practitioner new york,0,21,0%,85.81
how to form an llc in nys,0,21,0%,92.95
best way to form llc,0,21,0%,93.14
best llc formation services new york 2026,0,20,0%,12.2
pllc nys,0,20,0%,40.8
foreign llc in ny,0,19,0%,46.79
professional business address & virtual mail service,0,19,0%,53.74
attorney to set up llc,0,18,0%,33.56
articles of organization lawyer,0,18,0%,77.94
free virtual address for llc,0,18,0%,78.78
new york virtual office address,0,18,0%,81.5
form llc in new york,0,18,0%,90.33
llc for massage therapist,0,17,0%,25.76
ny foreign llc,0,17,0%,43.47
new york foreign llc,0,17,0%,46.88
how to form a llc in new york,0,17,0%,89.12
filing solutions llc,0,16,0%,7.19
new york pllc formation psychotherapist,0,16,0%,8
pro llc,0,16,0%,8.69
professional engineer ny,0,16,0%,34.94
new york foreign entity registration,0,16,0%,57.5
register foreign llc in new york,0,16,0%,63.19
llc publication service the bronx,0,16,0%,79.56
new york department of state pllc filing instructions,0,15,0%,5.33
mhc new york,0,15,0%,30.2
pllc law,0,15,0%,31.33
optometry insurance credentialing,0,15,0%,36.07
new york foreign qualification,0,15,0%,36.13
nys mental health counseling,0,15,0%,40.2
virtual office registered agent,0,15,0%,47.27
pllc ein number,0,15,0%,68.4
virtual po box for llc,0,15,0%,79.07
best place to form llc online,0,15,0%,79.53
where do i go to form an llc,0,15,0%,80.73
how to form a llc in ny,0,15,0%,90.2
virtual address and mail forwarding,0,14,0%,53.14
virtual business address with mail forwarding,0,14,0%,60.43
what is a pllc business,0,14,0%,74.29
where to form an llc,0,14,0%,78.71
what is pllc in business,0,14,0%,82.14
new york professional engineer,0,13,0%,30.92
pearl river virtual office,0,13,0%,38.92
forming a pllc in new york,0,13,0%,40.15
virtual address llc,0,13,0%,52.69
"""virtual address""",0,13,0%,56.23
qualification to do business in new york,0,13,0%,67.92
business formation services near me,0,13,0%,71.31
virtual address in new york city,0,13,0%,73.77
how do you form an llc,0,13,0%,84.46
best llc formation services in 2026,0,12,0%,12.33
foreign qualification service,0,12,0%,36
virtual llc,0,12,0%,52.17
physical therapy practice name requirements,0,12,0%,53.92
how to become a massage therapist in new york,0,12,0%,71.42
optometrist insurance credentialing,0,12,0%,75.75
best place to form an llc,0,12,0%,77.08
best place to form llc,0,12,0%,78.17
how to form a llc,0,12,0%,82.67
how do you form a llc,0,12,0%,84.75
how to form an llc in ny online,0,12,0%,91
lcsw pllc meaning,0,11,0%,4.09
order llc,0,11,0%,5.45
new york pllc formation requirements,0,11,0%,9
pllc+formation+new+york,0,11,0%,13.45
law firm formation,0,11,0%,15.55
how to create a pllc in ny,0,11,0%,15.64
how to file a pllc in ny,0,11,0%,16.55
pllc legal,0,11,0%,29.09
licensed mental health counselor,0,11,0%,33.55
new york state architecture license,0,11,0%,50.73
what is a virtual address for llc,0,11,0%,65.18
how do i get a virtual address for my llc,0,11,0%,70.36
how can i form an llc,0,11,0%,89.55
nys professional engineer,0,10,0%,34.9
forming a pllc,0,10,0%,36.5
"is there a registered agent that handles both mail forwarding and us tax 
filing?",0,10,0%,57.3
new york nurse practitioner license,0,10,0%,58.1
professional engineer,0,10,0%,75
how do i form an llc,0,10,0%,87.6
can i use a virtual address for my llc,0,10,0%,89.2
virtual office address for llc,0,10,0%,89.8
new york,0,9,0%,5.56
new york registered agent virtual office business address,0,9,0%,8.22
how to start a pllc,0,9,0%,24.56
professional engineer new york,0,9,0%,32.44
what is a pllc lawyer,0,9,0%,40.56
start a podiatry lab,0,9,0%,60.44
best site to form llc,0,9,0%,64.89
dental corporation formation,0,9,0%,74.89
professional limited liability company pllc,0,9,0%,76.67
pt filing,0,8,0%,13.38
starting a pllc,0,8,0%,13.38
what is pllc in dentistry,0,8,0%,18.12
dds pllc meaning,0,8,0%,23.25
can an llc provide professional services,0,8,0%,25.75
llc for law firm,0,8,0%,32.5
address service,0,8,0%,36
lmhc license ny,0,8,0%,43.75
virtual business address mail forwarding,0,8,0%,46.5
llc virtual address,0,8,0%,47.12
private practice pt,0,8,0%,47.12
nyllc,0,8,0%,47.88
new york nurse practitioner,0,8,0%,54.88
llc physician,0,8,0%,59.25
get a virtual address for llc,0,8,0%,67.88
best website to form llc,0,8,0%,70.25
nysed pllc application,0,7,0%,9.57
best llc formation services new york 2026 reviews,0,7,0%,12.29
nys pt,0,7,0%,18.29
new york mhc,0,7,0%,21.14
attorney incorporation,0,7,0%,24.57
"""professional services"" ""new york"" site:.com ""contact information"" 
-linkedin -yellowpages",0,7,0%,25.71
registered address service,0,7,0%,33.43
formation new york,0,7,0%,33.86
llc vs pllc new york,0,7,0%,34.57
lmhc requirements ny,0,7,0%,34.57
do i need a lawyer to form an llc,0,7,0%,35.14
new york np license,0,7,0%,38.57
ny pt,0,7,0%,45.71
nurse practitioner ny,0,7,0%,61
professional limited liability company,0,7,0%,61.43
nurse practitioner requirements,0,7,0%,62.29
llc for private practice counseling,0,7,0%,71.86
staten island llc publication service,0,7,0%,73.57
professional engineering,0,7,0%,76.43
best nurse practitioner in new york,0,7,0%,76.57
cheapest way to form an llc in ny,0,7,0%,81
how do i form a llc,0,7,0%,83.71
easiest way to form an llc,0,7,0%,95.57
np llc,0,6,0%,9
professional new york llc formation service with ongoing legal support,0,6,0%,11.67
leading companies for new york llc formation and publication,0,6,0%,15.33
ny mhc,0,6,0%,23.83
nurse practitioner llc,0,6,0%,26.17
do you need a lawyer to form an llc,0,6,0%,30.33
pllc dentist,0,6,0%,31.5
pllc requirements,0,6,0%,32.5
licensed physical therapist,0,6,0%,34
new york professional engineering license,0,6,0%,35.5
lawyer llc formation,0,6,0%,39.17
lcsw ny,0,6,0%,39.33
formation online,0,6,0%,39.67
type of accountant in new york,0,6,0%,42
new york pt license,0,6,0%,44.33
professional engineers,0,6,0%,44.33
business address service,0,6,0%,44.5
can np open their own practice in ny,0,6,0%,55.83
nurse practitioner professional corporation,0,6,0%,57.5
lmhp,0,6,0%,59
liability engineer,0,6,0%,61.83
foreign llc in new york,0,6,0%,63
white plains llc formation services,0,6,0%,67
how to become a massage therapist in ny,0,6,0%,71.83
new york virtual po box,0,6,0%,77.67
home based business address,0,6,0%,86.17
how to form your own llc,0,6,0%,93.17
open pllc,0,5,0%,4.8
formation professional,0,5,0%,5.4
"list online llc formation service companies in new york that are known for 
fair and transparent pricing.",0,5,0%,7
llc massage therapy,0,5,0%,8.8
pt form,0,5,0%,20
lawyer to start llc,0,5,0%,24.6
law firm pllc,0,5,0%,25
pt llc,0,5,0%,26.6
pt practice,0,5,0%,37.6
new york forwarding address,0,5,0%,40.6
licensed mental health counselor ny,0,5,0%,41.4
what does pllc stand for in dentistry,0,5,0%,41.6
new york state mental health counselor,0,5,0%,42
professional limited liability,0,5,0%,42.4
pt business,0,5,0%,43.4
virtual office and registered agent,0,5,0%,43.8
llc vs pllc wound care np,0,5,0%,49.2
how to form a pc in ny,0,5,0%,50.8
virtual address for llc nyc,0,5,0%,53
business address for llc near me,0,5,0%,58
llc formation companies white plains,0,5,0%,59.4
how to get virtual address for llc,0,5,0%,77
virtual address service for llc,0,5,0%,77.6
publish my llc the bronx,0,5,0%,79.4
new york virtual business address,0,5,0%,82.6
the bronx publish my llc,0,5,0%,82.6
nurse practitioner,0,4,0%,3.75
"which online llc formation service companies in new york are recognized for 
their transparency?",0,4,0%,5.5
open a pllc,0,4,0%,6.25
lcsw,0,4,0%,6.75
best llc formation services 2026,0,4,0%,10.5
pt service,0,4,0%,11.5
legalzoom pllc formation,0,4,0%,12.75
plmhc,0,4,0%,14
best affordable services for forming new york llc 2026,0,4,0%,15.5
file pt,0,4,0%,17.5
dc pllc,0,4,0%,17.75
lmt licensed massage therapist,0,4,0%,22
professional service llc,0,4,0%,25
llc attorney,0,4,0%,25.5
nys lmhc,0,4,0%,30
attorney designation,0,4,0%,33.5
new york state professional engineer license,0,4,0%,33.75
professional engineering service,0,4,0%,35
can a law firm be an llc,0,4,0%,35.75
virtual address,0,4,0%,37.25
lmhc ny,0,4,0%,38.5
llc therapist,0,4,0%,40
501(c)(3) formation attorney,0,4,0%,43.25
registered engineer,0,4,0%,46
setting up a pllc,0,4,0%,48.5
nurse practitioner new york state,0,4,0%,53.75
nys np license,0,4,0%,54
virtual address for llc,0,4,0%,54.25
mail forwarding for llc,0,4,0%,57.25
new york mailbox forwarding,0,4,0%,64
pt website,0,4,0%,66
where to form your llc,0,4,0%,67.25
licensed clinical mental health counselor,0,4,0%,70.75
new york architecture license requirements,0,4,0%,76.25
how to form an llc org,0,4,0%,91.5
physical therapy training,0,4,0%,93
virtual business address and phone number for llc,0,4,0%,95.25
choice of agent mailing address,0,4,0%,95.5
how to form an llc online,0,4,0%,98
"which online llc formation service companies in new york offer genuine 
savings, not just marketing tactics?",0,3,0%,1
"list online llc formation service companies in new york that have a clear 
market position on pricing.",0,3,0%,4.67
pllc nyc,0,3,0%,5.33
home based massage therapy business,0,3,0%,5.67
"can you list online llc formation service companies in new york that offer 
excellent transparency?",0,3,0%,6
how to open a pllc,0,3,0%,6.33
pllc cost,0,3,0%,7.33
pllc filing,0,3,0%,7.67
social work,0,3,0%,8.33
new york pllc formation steps,0,3,0%,9.33
pllc form,0,3,0%,9.67
pllc law firm,0,3,0%,10.67
create pllc,0,3,0%,12.33
massage therapist business,0,3,0%,13.33
foreign qualification pennsylvania,0,3,0%,17.67
open a massage business,0,3,0%,20.67
form pt,0,3,0%,26
pllc therapist,0,3,0%,26
foreign llc in pennsylvania,0,3,0%,26.67
lawyer llc,0,3,0%,27.33
foreign qualification texas,0,3,0%,27.67
law firm requirements,0,3,0%,28
lmhc nys,0,3,0%,28.33
pt professional,0,3,0%,28.67
pe new york,0,3,0%,29
registered physical therapist,0,3,0%,31.33
pllc articles of organization,0,3,0%,32.33
nys mental health counselor,0,3,0%,33
registered company address service,0,3,0%,33.67
addressing service,0,3,0%,34
optometry credentialing,0,3,0%,35.33
plmhp,0,3,0%,36.33
new york pllc name requirements,0,3,0%,37.33
lmhc new york city,0,3,0%,38
professional practitioner,0,3,0%,38
ny professional engineer license,0,3,0%,38.33
professional engineer nyc,0,3,0%,39.67
new york state professional engineer,0,3,0%,40.33
new york state licensed architects,0,3,0%,43.33
llc formation services white plains,0,3,0%,44.67
nys nurse practitioner,0,3,0%,46
registered office address and mail forwarding,0,3,0%,49.67
private practice physical therapy,0,3,0%,51.67
nyc massage license,0,3,0%,52
licensed nurse practitioner,0,3,0%,53.67
ny state mental health licensure,0,3,0%,53.67
registered agent virtual office,0,3,0%,54.33
md professional llc,0,3,0%,55
new york state architect license,0,3,0%,55
certified physical therapist,0,3,0%,57
registered engineers,0,3,0%,58
occupational therapy private practice,0,3,0%,60
licensed nurse practitioners,0,3,0%,60.67
adult nurse practitioner ny,0,3,0%,61.67
cmhc requirements,0,3,0%,62
new york state speech pathology license,0,3,0%,63.33
private practice nurse practitioner,0,3,0%,63.67
how much is a virtual address for llc,0,3,0%,64
lcmhc,0,3,0%,65
new york state nurse practitioner license,0,3,0%,66.33
registered professional engineers,0,3,0%,68
new york physical therapy license,0,3,0%,70.67
np licensure,0,3,0%,72.33
new york speech language pathology license,0,3,0%,72.67
registered pt,0,3,0%,77
where can i publish my llc bronx county,0,3,0%,79.33
power of attorney for llc,0,3,0%,84
how to become a physical therapist in ny,0,3,0%,85
professional registered engineer,0,3,0%,85
forms to start an llc,0,3,0%,89
form an llc in new york online,0,3,0%,90
how to become a nurse practitioner in ny,0,3,0%,93.33
business address new york,0,3,0%,94
pid formation services,0,3,0%,94
white plains business formation services,0,3,0%,97
lmhc private practice,0,2,0%,1
new york publishing labs,0,2,0%,1
solo practice,0,2,0%,1
business administration service,0,2,0%,1.5
law,0,2,0%,1.5
nyc,0,2,0%,2
physical therapist,0,2,0%,3
attorney,0,2,0%,4.5
com,0,2,0%,5
"for online llc formation service in new york companies, which ones have the 
fastest turnaround times?",0,2,0%,5
business entity formation package york,0,2,0%,7
professional llc formation service,0,2,0%,7.5
new york pllc psychotherapist formation requirements,0,2,0%,9
owner http://www.standardptny.com/,0,2,0%,9
form pllc,0,2,0%,10
formations llc phone number,0,2,0%,10.5
pllc registered agent,0,2,0%,11
a law firm pc,0,2,0%,11.5
law firm certificate,0,2,0%,11.5
occupational therapy,0,2,0%,11.5
pllc meaning in psychology,0,2,0%,12
form a pllc,0,2,0%,14.5
licensed engineer,0,2,0%,15.5
attorney llc,0,2,0%,20
requirements to register a law firm,0,2,0%,20.5
licensed engineering firm,0,2,0%,21
what is pllc attorney,0,2,0%,22.5
texas foreign qualification,0,2,0%,23
ny professional engineer,0,2,0%,25
pllc vs llc new york,0,2,0%,26
for pt,0,2,0%,26.5
legal llc,0,2,0%,26.5
pllc medical,0,2,0%,27
eng llc,0,2,0%,27.5
registered address services,0,2,0%,28
do i need an attorney to form an llc,0,2,0%,29
new york aprn license,0,2,0%,31
doctor llc,0,2,0%,32
mhc-p,0,2,0%,33.5
nyaddress,0,2,0%,33.5
board of physical therapy new york,0,2,0%,34
business postal address service,0,2,0%,35.5
new york professional engineer license,0,2,0%,35.5
licensed physical therapists,0,2,0%,36.5
open massage business,0,2,0%,36.5
lcsw new york,0,2,0%,37.5
ny state professional engineer license,0,2,0%,37.5
registered office address services,0,2,0%,37.5
practising engineer,0,2,0%,38
can a mail forwarding business be used as a registered agent,0,2,0%,39.5
licensed mental health counselor new york state,0,2,0%,41
new york rules of professional conduct,0,2,0%,41
nys nurse practitioner license,0,2,0%,41
licensed mental health,0,2,0%,43
lmhc a,0,2,0%,43
registered office address provider,0,2,0%,43
nys professional engineer license,0,2,0%,43.5
ct foreign llc registration,0,2,0%,44
do you need a lawyer to file an llc,0,2,0%,45
what is pllc in law,0,2,0%,46
new pt,0,2,0%,46.5
post forwarding new york,0,2,0%,46.5
nurse practitioner new york ny,0,2,0%,47
lpcmh,0,2,0%,47.5
new york counseling license,0,2,0%,47.5
do you need an attorney to set up an llc,0,2,0%,48.5
np license ny,0,2,0%,48.5
massage license nyc,0,2,0%,49
ny np license,0,2,0%,50
do i need an attorney for an llc,0,2,0%,51
new york chiropractic license,0,2,0%,52
virtual address with mail forwarding,0,2,0%,52.5
18 pt,0,2,0%,53
practitioner licenses that apply,0,2,0%,53
mental health incorporation,0,2,0%,54
pllc ein,0,2,0%,54
new york mental health counselor license,0,2,0%,55.5
business mail forwarding address,0,2,0%,56
physician llc,0,2,0%,57.5
ny engineer,0,2,0%,58
professional engineering practice,0,2,0%,58
llc engineering,0,2,0%,58.5
massage therapist register,0,2,0%,59.5
new york nurse practitioners,0,2,0%,60
naming a licensed clinical social worker professional corporation,0,2,0%,60.5
licenced nurse practitioner,0,2,0%,61.5
new york slp license,0,2,0%,61.5
llc doctor,0,2,0%,64.5
lmt in nyc,0,2,0%,64.5
what is a certificate of filing,0,2,0%,66.5
mental health counselor certification,0,2,0%,67
new york state slp license,0,2,0%,67.5
np license,0,2,0%,69
fnp license,0,2,0%,70
professional eng,0,2,0%,70
professional engineer training,0,2,0%,70.5
how to become an attorney,0,2,0%,71.5
become a pt,0,2,0%,72
foreign qualification requirements by state,0,2,0%,72
business license for massage therapist,0,2,0%,73
business formation services white plains,0,2,0%,73.5
new york speech pathology license,0,2,0%,75
virtual address for business registration,0,2,0%,75
np qualifications,0,2,0%,75.5
nurse practitioner license requirements,0,2,0%,75.5
registered professional engineer,0,2,0%,75.5
best virtual address for llc,0,2,0%,76
register engineer,0,2,0%,77
how to be a registered massage therapist,0,2,0%,77.5
register professional engineer,0,2,0%,77.5
best place to form an llc online,0,2,0%,79.5
np-c,0,2,0%,80.5
where can i publish my llc the bronx,0,2,0%,81.5
do i need to form an llc,0,2,0%,83
professional licensed engineer,0,2,0%,83
cheap virtual address for llc,0,2,0%,83.5
how to become a massage therapist nyc,0,2,0%,83.5
can an np be a medical director in new york,0,2,0%,84
certified nursing practitioner,0,2,0%,85.5
forming a new york llc,0,2,0%,86
i want to form an llc,0,2,0%,87.5
requirements to be an optometrist,0,2,0%,88.5
professional engineers register,0,2,0%,89
queens county how to publish an llc,0,2,0%,90
do you need a license to preach,0,2,0%,90.5
earth class mail new york address,0,2,0%,90.5
cheapest way to form an llc online,0,2,0%,91
virtual address and registered agent,0,2,0%,96
how to form an llc in nyc,0,2,0%,96.5
how to publish an llc bronx county,0,2,0%,96.5
dental pllc,0,1,0%,1
dentist,0,1,0%,1
education llc,0,1,0%,1
how do i find a massage therapist who will come to my rental in new york?,0,1,0%,1
how much they charge,0,1,0%,1
how to apply for a pllc,0,1,0%,1
how to set up pllc,0,1,0%,1
"in online llc formation services in new york, which companies are perceived 
as leaders in innovation?",0,1,0%,1
is this worth the price?,0,1,0%,1
lcsw pllc,0,1,0%,1
lmt business,0,1,0%,1
pllc credential,0,1,0%,1
pre llc,0,1,0%,1
public health nursing,0,1,0%,1
register pllc,0,1,0%,1
usa pathology pllc,0,1,0%,1
what do you think,0,1,0%,1
what papers do i need?,0,1,0%,1
which companies in online llc formation services in new york are underrated?,0,1,0%,1
"which online llc formation service companies in new york drive purchases 
with their discounts or promotions?",0,1,0%,1
"which online llc formation service companies in new york have pricing 
strategies that best boost customer loyalty and repeat purchases?",0,1,0%,1
business partner,0,1,0%,2
ein for pllc,0,1,0%,2
how long will the whole process take,0,1,0%,2
lawyer ny,0,1,0%,2
lmts,0,1,0%,2
mpllc,0,1,0%,2
new york based company,0,1,0%,2
own private practice,0,1,0%,2
professional nail & beauty supply llc,0,1,0%,2
psychiatric mental health nurse practitioner,0,1,0%,2
requirements,0,1,0%,2
sure,0,1,0%,2
susana abarca law office pllc,0,1,0%,2
what's best,0,1,0%,2
"can you list some companies that specialize in assisting with new york llc 
formation and the state's specific compliance needs?",0,1,0%,3
chiropractor,0,1,0%,3
education,0,1,0%,3
in new york,0,1,0%,3
is there a way to expedite,0,1,0%,3
is there an easier way to do this,0,1,0%,3
llc vs pllc,0,1,0%,3
mhc,0,1,0%,3
neuropsychology,0,1,0%,3
ny,0,1,0%,3
pllc law firms and attorneys,0,1,0%,3
regus business address,0,1,0%,3
total estimated cost?,0,1,0%,3
virtual business address free,0,1,0%,3
what about for ny,0,1,0%,3
are you sure about this,0,1,0%,4
dentist in new york,0,1,0%,4
fnp and pmhnp,0,1,0%,4
fnp llc,0,1,0%,4
i am a dentist,0,1,0%,4
is this legal?,0,1,0%,4
new york pllc psychotherapist formation steps,0,1,0%,4
ny dentist,0,1,0%,4
pmhnp,0,1,0%,4
pta,0,1,0%,4
that,0,1,0%,4
"which online llc formation service companies in new york have specific 
promotions that are memorable or impactful?",0,1,0%,4
can i do it by myself,0,1,0%,5
certificate of publication,0,1,0%,5
cost?,0,1,0%,5
counseling,0,1,0%,5
"for online llc formation service companies in new york, which ones have the 
best transparency?",0,1,0%,5
how long does the process take?,0,1,0%,5
how to get the license,0,1,0%,5
landscape architecutre,0,1,0%,5
llc,0,1,0%,5
solo practitioner,0,1,0%,5
why doen,0,1,0%,5
1099,0,1,0%,6
certificate of assumed name,0,1,0%,6
owner http://www.formptnyc.com/,0,1,0%,6
psllc,0,1,0%,6
reciprocal license application,0,1,0%,6
architect,0,1,0%,7
hill and holler formation services,0,1,0%,7
how long does this whole process take,0,1,0%,7
"list online llc formation service companies in new york that are recognized 
for their pricing strategies.",0,1,0%,7
lmt studio,0,1,0%,7
medical,0,1,0%,7
ny solo,0,1,0%,7
"reflecting on online llc formation services in new york, which companies 
set the benchmark in the industry?",0,1,0%,7
registered agent with virtual address,0,1,0%,7
virtual mailbox service,0,1,0%,7
who provides professional new york llc setup with ongoing legal support?,0,1,0%,7
any others?,0,1,0%,8
npc news online,0,1,0%,8
physical therapy,0,1,0%,8
rochester ny,0,1,0%,8
"what online llc formation companies in new york stand out for their 
attractive price points?",0,1,0%,8
certified registered nurse anesthetist,0,1,0%,9
how to list,0,1,0%,9
law firm llc,0,1,0%,9
lcmhc license,0,1,0%,9
mhc form,0,1,0%,9
ny state,0,1,0%,9
yes please check,0,1,0%,9
how does it look like,0,1,0%,10
lcsws,0,1,0%,10
mailing address,0,1,0%,10
new essex,0,1,0%,10
nys podiatry license,0,1,0%,10
professional limited liability company (pllc),0,1,0%,10
what do i need to open a massage business,0,1,0%,10
best reliable new york llc formation services with compliance help 2026,0,1,0%,11
lmt title,0,1,0%,11
new york city,0,1,0%,11
new york llc formation packages with compliance help,0,1,0%,11
new york pllc psychotherapist formation,0,1,0%,11
newyork,0,1,0%,11
pt s,0,1,0%,11
sterlington pllc,0,1,0%,11
therapist,0,1,0%,11
what is the certificate of good standing,0,1,0%,11
"which companies in online llc formation services in new york lead the way 
in innovative solutions?",0,1,0%,11
articles of organization,0,1,0%,12
best llc formation services 2025 2026,0,1,0%,12
list companies offering online llc formation services in new york.,0,1,0%,12
medicine,0,1,0%,12
what type of lawyer handles llc formation,0,1,0%,12
diy process,0,1,0%,13
in nys,0,1,0%,13
nytlicensing company,0,1,0%,13
pt legal,0,1,0%,13
veterinarian in manhattan,0,1,0%,13
"which online llc formation service companies in new york are recognized for 
their impressive turnaround speeds?",0,1,0%,13
best llc formation services for new york 2026,0,1,0%,14
publishing administration services,0,1,0%,14
"bellmore, ny new business formation",0,1,0%,15
md pllc,0,1,0%,16
new york state,0,1,0%,16
nj pllc,0,1,0%,16
lsmhc,0,1,0%,17
professional engineer services,0,1,0%,17
new york state requirements,0,1,0%,18
private engineer,0,1,0%,18
professional filing,0,1,0%,18
lawyers certificate,0,1,0%,19
physical therapy manhattan,0,1,0%,19
best affordable services to form new york llc 2026,0,1,0%,20
lmhp license,0,1,0%,20
what is a pllc therapist,0,1,0%,20
what is md pllc,0,1,0%,20
entity formation attorney,0,1,0%,21
professional registration engineering,0,1,0%,21
domestic professional limited liability company,0,1,0%,22
pc vs pllc new york,0,1,0%,22
yes please,0,1,0%,22
attorney to form llc,0,1,0%,23
massage therapy business,0,1,0%,23
new york state pe,0,1,0%,23
address services,0,1,0%,25
defined physical therapy,0,1,0%,25
pt private,0,1,0%,25
registered physical therapy,0,1,0%,26
sidney brodsky,0,1,0%,26
address companies,0,1,0%,27
biennial statement cannot be filed prior to the filing window date,0,1,0%,27
forward package,0,1,0%,27
how to register a law firm,0,1,0%,27
law pllc,0,1,0%,27
licensed massage therapy,0,1,0%,27
foreign qualification florida,0,1,0%,28
nyc architecture license,0,1,0%,28
professional legal,0,1,0%,28
a professional law corporation,0,1,0%,29
pllc meaning lawyer,0,1,0%,29
attorney for llc,0,1,0%,30
foreign qualification diy vs service,0,1,0%,30
professional engineers registration,0,1,0%,31
pllc vs llc,0,1,0%,32
how to apply for llp,0,1,0%,33
licensed massage,0,1,0%,33
ny lmhc,0,1,0%,33
ny np license application,0,1,0%,33
licensed mental health counselor new york,0,1,0%,34
mhc forms,0,1,0%,34
new york state pe license,0,1,0%,34
what does it take to be an attorney,0,1,0%,34
connecticut foreign llc registration,0,1,0%,35
nyc mail forwarding,0,1,0%,35
pllc meaning therapy,0,1,0%,35
plp llc,0,1,0%,35
pt ein,0,1,0%,35
pt law,0,1,0%,35
what is mhc lp,0,1,0%,35
what is mhc-lp,0,1,0%,35
lmhc-d ny,0,1,0%,36
ny lcsw,0,1,0%,36
limited liability company lawyer,0,1,0%,37
massage therapist registration,0,1,0%,37
mhc application,0,1,0%,37
physical therapy business,0,1,0%,37
requirements to be a lawyer,0,1,0%,37
address provider,0,1,0%,38
lcsw nys,0,1,0%,38
new york physical therapist license,0,1,0%,38
virtual registered agent,0,1,0%,38
what is llp in law,0,1,0%,38
business address and phone number,0,1,0%,39
how to be a lawyer in new york,0,1,0%,39
licensed mental health practitioner,0,1,0%,39
ny physical therapy license,0,1,0%,39
lcsw in ny,0,1,0%,40
mental health counselor license ny,0,1,0%,40
mental health counselor license new york,0,1,0%,41
new york np license application,0,1,0%,41
professional mailing address,0,1,0%,41
what does pllc mean for a lawyer,0,1,0%,41
llc counselor,0,1,0%,42
optometry private practice,0,1,0%,42
physical therapist professional,0,1,0%,42
what do u need to be a lawyer,0,1,0%,42
competent engineer,0,1,0%,43
lmhc d ny,0,1,0%,43
lpc provider,0,1,0%,43
how to start a behavioral health practice in nyc,0,1,0%,44
l.m.h.c.,0,1,0%,44
new york pt,0,1,0%,44
ny pt license,0,1,0%,44
registered office service provider,0,1,0%,44
address company new york,0,1,0%,45
board engineering,0,1,0%,45
expert what happens after filing in ny,0,1,0%,45
new york physical therapy board,0,1,0%,45
physical therapy buisness,0,1,0%,45
who is a legal practitioner,0,1,0%,45
address services for business,0,1,0%,46
nys foreign llc registration,0,1,0%,47
professional service limited liability company,0,1,0%,47
registered office address service,0,1,0%,47
1 blue hill plaza pearl river ny 10965,0,1,0%,48
4np form,0,1,0%,48
virtual mailing address new york,0,1,0%,48
engineering professional,0,1,0%,49
pllc company,0,1,0%,49
best business formation services customer service,0,1,0%,50
engineering ps,0,1,0%,50
lmhc credential,0,1,0%,50
lmhca,0,1,0%,50
nys physical therapy license,0,1,0%,50
therapist license requirements private practice,0,1,0%,50
things you need to be a lawyer,0,1,0%,50
virtual adress for llc,0,1,0%,50
new york np,0,1,0%,51
mail forwarding new york city,0,1,0%,52
white plains llc formation companies,0,1,0%,53
licensed massage therapist new york,0,1,0%,54
p engineer,0,1,0%,54
how to become a lawyer in ny,0,1,0%,55
llc therapy,0,1,0%,55
new york vet license,0,1,0%,55
lmhc license,0,1,0%,56
virtual address for llc cost,0,1,0%,56
virtual forwarding address,0,1,0%,56
foreign limited liability company new york,0,1,0%,57
pt private practice,0,1,0%,57
bronx county llc publication newspapers,0,1,0%,58
certified clinical mental health counselor ccmhc,0,1,0%,58
i want to be an attorney,0,1,0%,58
license nurse practitioner,0,1,0%,58
nurse practitioner in ny,0,1,0%,58
how to get an ordained license,0,1,0%,59
limhp,0,1,0%,59
mental health licensing,0,1,0%,59
do i have what it takes to be a lawyer,0,1,0%,60
physical therapist pt,0,1,0%,60
pie engineering,0,1,0%,60
certified mental health counselor,0,1,0%,61
nurse practitioner license,0,1,0%,61
requirement for nurse practitioner,0,1,0%,61
virtual llc address,0,1,0%,61
nurse llc,0,1,0%,62
board engineer,0,1,0%,63
pt compliance,0,1,0%,63
lmhc-p,0,1,0%,64
np new york,0,1,0%,64
np requirements,0,1,0%,64
virtual address companies,0,1,0%,64
engineers pe,0,1,0%,66
how to become a business attorney,0,1,0%,66
registered civil engineers,0,1,0%,66
civil engineer license,0,1,0%,67
new york state occupational therapy license,0,1,0%,67
nurse practitioner private practice,0,1,0%,67
requirements for being a lawyer,0,1,0%,67
architect license ny,0,1,0%,68
documents required for llp registration,0,1,0%,68
how to become a licensed mental health counselor in ny,0,1,0%,68
massage therapy business license,0,1,0%,68
new york massage therapist license,0,1,0%,68
np professional,0,1,0%,68
new york state speech language pathology license,0,1,0%,69
nurse practitioner professional resources,0,1,0%,69
personal legal plans inc,0,1,0%,69
articles of organization professional llc,0,1,0%,70
new york licensed mental health counselor,0,1,0%,70
nurse practitioner in new york,0,1,0%,70
registered civil engineer,0,1,0%,70
requirements to become an attorney,0,1,0%,70
private physical therapy practice ownership structure,0,1,0%,71
title for attorney at law,0,1,0%,71
licensed independent mental health practitioner,0,1,0%,72
requirements of being a lawyer,0,1,0%,72
business address and mail forwarding,0,1,0%,73
engineering llc,0,1,0%,73
how to become a solicitor,0,1,0%,73
online registration engineering,0,1,0%,73
starting an llc in new york faqs,0,1,0%,73
articles of organization vs professional llc,0,1,0%,74
best registered office address provider,0,1,0%,74
certified clinical mental health counselor,0,1,0%,74
how does an llp work,0,1,0%,75
how to become a licensed massage therapist in ny,0,1,0%,75
how to become a licensed nurse practitioner,0,1,0%,75
how to become a lmhc in ny,0,1,0%,75
new york state llc llp request for information,0,1,0%,75
can np practice independently in ny,0,1,0%,76
np nurse practitioner,0,1,0%,76
nyc virtual office mail forwarding,0,1,0%,76
clinical mental health counselor license,0,1,0%,77
business address with mail forwarding,0,1,0%,78
certified registered nurse practitioner,0,1,0%,78
pt comp,0,1,0%,78
register law firm,0,1,0%,78
best virtual business address and phone number,0,1,0%,79
cheap registered address,0,1,0%,79
how to become a business lawyer,0,1,0%,79
how to become a telemedicine physician,0,1,0%,79
np application,0,1,0%,79
professional body for engineers,0,1,0%,79
change of address services,0,1,0%,80
lmhc lpc,0,1,0%,80
new york llc service,0,1,0%,80
out of state llc doing business in new york,0,1,0%,80
professional engineering course,0,1,0%,80
pt forms,0,1,0%,80
independent nurse practitioner,0,1,0%,81
nursing nurse practitioner,0,1,0%,81
will this llc render a professional service,0,1,0%,81
civil engineering registration,0,1,0%,82
brooklyn where can i publish my llc,0,1,0%,83
do you need a license to be an architect,0,1,0%,84
mc lpc,0,1,0%,84
nurse practitioner licensure,0,1,0%,84
virtual address for llc near me,0,1,0%,84
certified professional engineer,0,1,0%,85
np c,0,1,0%,85
nurse practitioner practice,0,1,0%,85
where can i get my llc license near me,0,1,0%,86
bronx county publish my llc,0,1,0%,87
new york business address,0,1,0%,87
pnp license,0,1,0%,87
the bronx how to publish an llc,0,1,0%,87
how to form llc in new york,0,1,0%,88
ny state speech pathology license,0,1,0%,88
professional engineering certificate,0,1,0%,88
apply for professional engineer,0,1,0%,89
engineer registration,0,1,0%,89
how to find an attorney by specialty,0,1,0%,89
what are the requirements to become a lawyer,0,1,0%,89
do architects have to be licensed,0,1,0%,90
for nurse practitioners,0,1,0%,90
practice nurse practitioner,0,1,0%,90
what are the requirements for nurse practitioner,0,1,0%,90
who can own a physical therapy practice,0,1,0%,90
online change of address service,0,1,0%,91
register as professional engineer,0,1,0%,91
cnp certified nurse practitioner,0,1,0%,92
registration of engineers,0,1,0%,92
how do i form an llc in new york,0,1,0%,93
how do you become a solicitor,0,1,0%,93
publish my llc bronx county,0,1,0%,93
what do i need to become a solicitor,0,1,0%,93
how do you become a licensed optician,0,1,0%,95
what is a professional limited liability company,0,1,0%,95
what is private practice law,0,1,0%,95
what do you need to become an optometrist,0,1,0%,96
where can i publish my llc queens county,0,1,0%,96
how do i become a solicitor,0,1,0%,97
publish my llc queens county,0,1,0%,97
what is a limited licensed psychologist,0,1,0%,97
forms to create an llc,0,1,0%,98
llc mail forwarding,0,1,0%,98
new york physical therapy license requirements,0,1,0%,98
private practice in occupational therapy,0,1,0%,98
virtual address new york,0,1,0%,98
how to be licensed psychologist,0,1,0%,99
how to form my llc,0,1,0%,99
incorporation for accountants,0,1,0%,99
professional engineer registration,0,1,0%,99
what is a lawyers title,0,1,0%,99
llc publication service new york,0,1,0%,100
new york city business address,0,1,0%,134