segments.date,campaign.name,campaign.status,ad_group.name,ad_group.status,ad_group_criterion.criterion_id,ad_group_criterion.status,ad_group_criterion.system_serving_status,ad_group_criterion.cpc_bid_micros,ad_group_criterion.effective_cpc_bid_micros,ad_group_criterion.keyword.text,ad_group_criterion.keyword.match_type,metrics.impressions,metrics.clicks,metrics.ctr,metrics.average_cpc,metrics.cost_micros,metrics.conversions,metrics.conversions_by_conversion_date,metrics.all_conversions,metrics.cost_per_conversion,metrics.conversions_from_interactions_rate,metrics.absolute_top_impression_percentage,metrics.top_impression_percentage
2026-07-09,01_Core_Exact_NY,ENABLED,Brand,ENABLED,2487783774618,ENABLED,ELIGIBLE,0,10000,nypllc,EXACT,1,0,0.0,0.0,0,0.0,0.0,0.0,0.0,0.0,0.0,0.0
2026-07-09,01_Core_Exact_NY,ENABLED,Formation-Core,ENABLED,367219700766,ENABLED,ELIGIBLE,0,10000,ny pllc formation,EXACT,2,0,0.0,0.0,0,0.0,0.0,0.0,0.0,0.0,0.5,1.0
2026-07-09,01_Core_Exact_NY,ENABLED,Formation-Core,ENABLED,623417180082,ENABLED,ELIGIBLE,0,10000,pllc application ny,EXACT,1,0,0.0,0.0,0,0.0,0.0,0.0,0.0,0.0,0.0,1.0
2026-07-09,Sales-Search-1,ENABLED,NY PLLC Formation,ENABLED,48929560,ENABLED,ELIGIBLE,0,10000,pllc,BROAD,46,3,0.06521739130434782,6630995.666666667,19892987,1.0,1.0,2.5,19892987.0,0.3333333333333333,0.10526315789473684,0.631578947368421
2026-07-09,Sales-Search-1,ENABLED,NY PLLC Formation,ENABLED,331529916161,ENABLED,ELIGIBLE,0,10000,pllc new york,PHRASE,2,0,0.0,0.0,0,0.0,0.0,0.0,0.0,0.0,0.0,1.0
2026-07-09,Sales-Search-1,ENABLED,NY PLLC Formation,ENABLED,387421343209,ENABLED,ELIGIBLE,0,10000,nys pllc,PHRASE,1,0,0.0,0.0,0,0.0,0.0,0.0,0.0,0.0,0.0,1.0
2026-07-09,Sales-Search-1,ENABLED,NY PLLC Formation,ENABLED,623093212028,ENABLED,ELIGIBLE,0,10000,pllc formation new york,EXACT,1,1,1.0,17770000.0,17770000,0.5,0.5,1.0,35540000.0,0.5,0.0,1.0
2026-07-09,Sales-Search-1,ENABLED,NY PLLC Formation,ENABLED,623417180082,ENABLED,ELIGIBLE,0,10000,pllc application ny,EXACT,5,1,0.2,8720000.0,8720000,0.5,0.5,1.5,17440000.0,0.5,0.25,0.75
2026-07-09,Sales-Search-1,ENABLED,NY PLLC Formation,ENABLED,666310871924,ENABLED,ELIGIBLE,0,10000,nys pllc formation,EXACT,3,0,0.0,0.0,0,0.0,0.0,0.0,0.0,0.0,0.5,1.0
2026-07-09,Sales-Search-1,ENABLED,NY PLLC Formation,ENABLED,745619312294,ENABLED,ELIGIBLE,0,10000,form a pllc,PHRASE,1,0,0.0,0.0,0,0.0,0.0,0.0,0.0,0.0,0.0,1.0
2026-07-09,Sales-Search-1,ENABLED,NY PLLC Formation,ENABLED,2461187962928,ENABLED,ELIGIBLE,0,10000,pllc ny,PHRASE,2,0,0.0,0.0,0,0.0,0.0,0.0,0.0,0.0,0.0,1.0
2026-07-09,Sales-Search-1,ENABLED,NY PLLC Formation,ENABLED,2484375855794,ENABLED,ELIGIBLE,0,10000,pllc nys,PHRASE,3,0,0.0,0.0,0,0.0,0.0,0.0,0.0,0.0,0.0,0.5
2026-07-09,Sales-Search-1,ENABLED,NY PLLC Formation,ENABLED,2487783774618,ENABLED,ELIGIBLE,0,10000,nypllc,EXACT,3,0,0.0,0.0,0,0.0,0.0,0.0,0.0,0.0,0.5,1.0
2026-07-10,01_Core_Exact_NY,ENABLED,Formation-Core,ENABLED,623093212028,ENABLED,ELIGIBLE,0,10000,pllc formation new york,EXACT,1,0,0.0,0.0,0,0.0,0.0,0.0,0.0,0.0,0.0,0.0
2026-07-10,01_Core_Exact_NY,ENABLED,Formation-Core,ENABLED,623417180122,ENABLED,ELIGIBLE,0,10000,pllc ny,EXACT,1,0,0.0,0.0,0,0.0,0.0,0.0,0.0,0.0,0.0,1.0
2026-07-10,01_Core_Exact_NY,ENABLED,Formation-Core,ENABLED,2490824597173,ENABLED,ELIGIBLE,0,10000,ny pllc filing,EXACT,2,0,0.0,0.0,0,0.0,0.0,0.0,0.0,0.0,1.0,1.0
2026-07-10,Sales-Search-1,ENABLED,NY PLLC Formation,ENABLED,48929560,ENABLED,ELIGIBLE,0,10000,pllc,BROAD,44,1,0.022727272727272728,10550000.0,10550000,0.0,0.0,0.0,0.0,0.0,0.05714285714285714,0.7714285714285715
2026-07-10,Sales-Search-1,ENABLED,NY PLLC Formation,ENABLED,623417180082,ENABLED,ELIGIBLE,0,10000,pllc application ny,EXACT,1,0,0.0,0.0,0,0.0,0.0,0.0,0.0,0.0,0.0,1.0
2026-07-10,Sales-Search-1,ENABLED,NY PLLC Formation,ENABLED,666310871924,ENABLED,ELIGIBLE,0,10000,nys pllc formation,EXACT,3,0,0.0,0.0,0,0.0,0.0,0.0,0.0,0.0,0.5,1.0
2026-07-11,01_Core_Exact_NY,ENABLED,Formation-Core,ENABLED,367219700766,ENABLED,ELIGIBLE,0,10000,ny pllc formation,EXACT,1,1,1.0,780000.0,780000,0.0,0.0,1.0,0.0,0.0,0.0,1.0
2026-07-11,01_Core_Exact_NY,ENABLED,Formation-Core,ENABLED,930795086629,ENABLED,ELIGIBLE,0,10000,start pllc,EXACT,1,0,0.0,0.0,0,0.0,0.0,0.0,0.0,0.0,0.0,1.0
2026-07-11,01_Core_Exact_NY,ENABLED,Formation-Core,ENABLED,1089940345170,ENABLED,ELIGIBLE,0,10000,ny pllc,EXACT,2,0,0.0,0.0,0,0.0,0.0,0.0,0.0,0.0,0.5,1.0
2026-07-11,Sales-Search-1,ENABLED,NY PLLC Formation,ENABLED,48929560,ENABLED,ELIGIBLE,0,10000,pllc,BROAD,21,0,0.0,0.0,0,0.0,0.0,0.0,0.0,0.0,0.11764705882352941,0.7647058823529411
2026-07-11,Sales-Search-1,ENABLED,NY PLLC Formation,ENABLED,623093212028,ENABLED,ELIGIBLE,0,10000,pllc formation new york,EXACT,4,0,0.0,0.0,0,0.0,0.0,0.0,0.0,0.0,0.0,0.6666666666666666
2026-07-11,Sales-Search-1,ENABLED,NY PLLC Formation,ENABLED,623417180082,ENABLED,ELIGIBLE,0,10000,pllc application ny,EXACT,3,0,0.0,0.0,0,0.0,0.0,0.0,0.0,0.0,0.0,1.0
2026-07-11,Sales-Search-1,ENABLED,NY PLLC Formation,ENABLED,2484375855794,ENABLED,ELIGIBLE,0,10000,pllc nys,PHRASE,1,0,0.0,0.0,0,0.0,0.0,0.0,0.0,0.0,0.0,1.0
2026-07-11,Sales-Search-1,ENABLED,NY PLLC Formation,ENABLED,2487783774618,ENABLED,ELIGIBLE,0,10000,nypllc,EXACT,2,1,0.5,3570000.0,3570000,0.0,0.0,0.0,0.0,0.0,1.0,1.0
2026-07-12,01_Core_Exact_NY,ENABLED,Formation-Core,ENABLED,367219700766,ENABLED,ELIGIBLE,0,10000,ny pllc formation,EXACT,2,0,0.0,0.0,0,0.0,0.0,0.0,0.0,0.0,0.0,0.5
2026-07-12,01_Core_Exact_NY,ENABLED,Formation-Core,ENABLED,472512426639,ENABLED,ELIGIBLE,0,10000,pllc new york,EXACT,1,0,0.0,0.0,0,0.0,0.0,0.0,0.0,0.0,0.0,0.0
2026-07-12,Sales-Search-1,ENABLED,NY PLLC Formation,ENABLED,48929560,ENABLED,ELIGIBLE,0,10000,pllc,BROAD,34,0,0.0,0.0,0,0.0,0.0,0.0,0.0,0.0,0.16,0.68
2026-07-12,Sales-Search-1,ENABLED,NY PLLC Formation,ENABLED,387421343209,ENABLED,ELIGIBLE,0,10000,nys pllc,PHRASE,4,0,0.0,0.0,0,0.0,0.0,0.0,0.0,0.0,0.0,0.3333333333333333
2026-07-12,Sales-Search-1,ENABLED,NY PLLC Formation,ENABLED,623417180082,ENABLED,ELIGIBLE,0,10000,pllc application ny,EXACT,2,1,0.5,3260000.0,3260000,0.0,0.0,0.0,0.0,0.0,0.0,1.0
2026-07-12,Sales-Search-1,ENABLED,NY PLLC Formation,ENABLED,666310871924,ENABLED,ELIGIBLE,0,10000,nys pllc formation,EXACT,1,0,0.0,0.0,0,0.0,0.0,0.0,0.0,0.0,0.0,1.0
2026-07-13,01_Core_Exact_NY,ENABLED,Brand,ENABLED,2487783774618,ENABLED,ELIGIBLE,0,10000,nypllc,EXACT,3,0,0.0,0.0,0,0.0,0.0,0.0,0.0,0.0,0.0,1.0
2026-07-13,01_Core_Exact_NY,ENABLED,Cost-Price,ENABLED,2492464915570,ENABLED,ELIGIBLE,0,10000,pllc cost ny,EXACT,1,0,0.0,0.0,0,0.0,0.0,0.0,0.0,0.0,0.0,1.0
2026-07-13,01_Core_Exact_NY,ENABLED,Formation-Core,ENABLED,367219700766,ENABLED,ELIGIBLE,0,10000,ny pllc formation,EXACT,4,0,0.0,0.0,0,0.0,0.0,0.0,0.0,0.0,0.0,1.0
2026-07-13,01_Core_Exact_NY,ENABLED,Formation-Core,ENABLED,472512426639,ENABLED,ELIGIBLE,0,10000,pllc new york,EXACT,2,0,0.0,0.0,0,0.0,0.0,0.0,0.0,0.0,0.0,0.5
2026-07-13,01_Core_Exact_NY,ENABLED,Formation-Core,ENABLED,623417180122,ENABLED,ELIGIBLE,0,10000,pllc ny,EXACT,1,0,0.0,0.0,0,0.0,0.0,0.0,0.0,0.0,0.0,0.0
2026-07-13,01_Core_Exact_NY,ENABLED,Formation-Core,ENABLED,1089940345170,ENABLED,ELIGIBLE,0,10000,ny pllc,EXACT,1,0,0.0,0.0,0,0.0,0.0,0.0,0.0,0.0,0.0,1.0
2026-07-13,Sales-Search-1,ENABLED,NY PLLC Formation,ENABLED,48929560,ENABLED,ELIGIBLE,0,10000,pllc,BROAD,43,1,0.023255813953488372,3980000.0,3980000,0.0,1.0,0.0,0.0,0.0,0.03125,0.6875
2026-07-13,Sales-Search-1,ENABLED,NY PLLC Formation,ENABLED,387421343209,ENABLED,ELIGIBLE,0,10000,nys pllc,PHRASE,1,0,0.0,0.0,0,0.0,0.0,0.0,0.0,0.0,0.0,0.0
2026-07-13,Sales-Search-1,ENABLED,NY PLLC Formation,ENABLED,406972883474,ENABLED,ELIGIBLE,0,10000,pllc formation,PHRASE,3,1,0.3333333333333333,22787296.0,22787296,0.0,0.0,1.0,0.0,0.0,0.5,1.0
2026-07-13,Sales-Search-1,ENABLED,NY PLLC Formation,ENABLED,623093212028,ENABLED,ELIGIBLE,0,10000,pllc formation new york,EXACT,3,0,0.0,0.0,0,0.0,0.0,0.0,0.0,0.0,1.0,1.0
2026-07-13,Sales-Search-1,ENABLED,NY PLLC Formation,ENABLED,623417180082,ENABLED,ELIGIBLE,0,10000,pllc application ny,EXACT,8,1,0.125,9090000.0,9090000,0.0,0.0,0.0,0.0,0.0,0.16666666666666666,0.8333333333333334
2026-07-13,Sales-Search-1,ENABLED,NY PLLC Formation,ENABLED,666310871924,ENABLED,ELIGIBLE,0,10000,nys pllc formation,EXACT,2,0,0.0,0.0,0,0.0,0.0,0.0,0.0,0.0,0.0,1.0
2026-07-13,Sales-Search-1,ENABLED,NY PLLC Formation,ENABLED,2484375855794,ENABLED,ELIGIBLE,0,10000,pllc nys,PHRASE,3,0,0.0,0.0,0,0.0,0.0,0.0,0.0,0.0,0.0,0.5
2026-07-14,01_Core_Exact_NY,ENABLED,Brand,ENABLED,2487783774618,ENABLED,ELIGIBLE,0,10000,nypllc,EXACT,7,0,0.0,0.0,0,0.0,0.0,0.0,0.0,0.0,0.0,0.6
2026-07-14,01_Core_Exact_NY,ENABLED,Formation-Core,ENABLED,367219700766,ENABLED,ELIGIBLE,0,10000,ny pllc formation,EXACT,2,0,0.0,0.0,0,0.0,0.0,0.0,0.0,0.0,0.0,1.0
2026-07-14,01_Core_Exact_NY,ENABLED,Formation-Core,ENABLED,472512426639,ENABLED,ELIGIBLE,0,10000,pllc new york,EXACT,5,1,0.2,4070000.0,4070000,0.0,0.0,0.0,0.0,0.0,0.25,0.75
2026-07-14,01_Core_Exact_NY,ENABLED,Formation-Core,ENABLED,541338796517,ENABLED,ELIGIBLE,0,10000,new york pllc,EXACT,1,1,1.0,7440000.0,7440000,0.0,0.0,0.0,0.0,0.0,0.0,1.0
2026-07-14,01_Core_Exact_NY,ENABLED,Formation-Core,ENABLED,623417180082,ENABLED,ELIGIBLE,0,10000,pllc application ny,EXACT,3,0,0.0,0.0,0,0.0,0.0,0.0,0.0,0.0,0.5,1.0
2026-07-14,01_Core_Exact_NY,ENABLED,Formation-Core,ENABLED,623417180122,ENABLED,ELIGIBLE,0,10000,pllc ny,EXACT,1,0,0.0,0.0,0,0.0,0.0,0.0,0.0,0.0,0.0,1.0
2026-07-14,01_Core_Exact_NY,ENABLED,Formation-Core,ENABLED,867665928231,ENABLED,ELIGIBLE,0,10000,form pllc new york,EXACT,2,0,0.0,0.0,0,0.0,0.0,0.0,0.0,0.0,0.0,1.0
2026-07-14,01_Core_Exact_NY,ENABLED,Formation-Core,ENABLED,1089940345130,ENABLED,ELIGIBLE,0,10000,new york pllc formation,EXACT,4,1,0.25,29380000.0,29380000,0.0,0.0,0.0,0.0,0.0,0.3333333333333333,1.0
2026-07-14,Sales-Search-1,ENABLED,NY PLLC Formation,ENABLED,48929560,ENABLED,ELIGIBLE,0,10000,pllc,BROAD,40,2,0.05,7795000.0,15590000,0.0,0.0,0.0,0.0,0.0,0.25,0.6785714285714286
2026-07-14,Sales-Search-1,ENABLED,NY PLLC Formation,ENABLED,387421343209,ENABLED,ELIGIBLE,0,10000,nys pllc,PHRASE,1,0,0.0,0.0,0,0.0,0.0,0.0,0.0,0.0,0.0,1.0
2026-07-14,Sales-Search-1,ENABLED,NY PLLC Formation,ENABLED,623093212028,ENABLED,ELIGIBLE,0,10000,pllc formation new york,EXACT,9,1,0.1111111111111111,16380000.0,16380000,0.0,0.0,0.0,0.0,0.0,0.0,1.0
2026-07-14,Sales-Search-1,ENABLED,NY PLLC Formation,ENABLED,623417180082,ENABLED,ELIGIBLE,0,10000,pllc application ny,EXACT,5,0,0.0,0.0,0,0.0,0.0,0.0,0.0,0.0,0.25,0.75
2026-07-14,Sales-Search-1,ENABLED,NY PLLC Formation,ENABLED,666310871924,ENABLED,ELIGIBLE,0,10000,nys pllc formation,EXACT,3,1,0.3333333333333333,14880000.0,14880000,0.0,0.0,0.111278,0.0,0.0,0.5,1.0
2026-07-14,Sales-Search-1,ENABLED,NY PLLC Formation,ENABLED,2484375855794,ENABLED,ELIGIBLE,0,10000,pllc nys,PHRASE,3,0,0.0,0.0,0,0.0,0.0,0.0,0.0,0.0,0.0,0.6666666666666666
2026-07-14,Sales-Search-1,ENABLED,NY PLLC Formation,ENABLED,2487783774618,ENABLED,ELIGIBLE,0,10000,nypllc,EXACT,3,1,0.3333333333333333,2830000.0,2830000,1.0,1.0,3.0,2830000.0,1.0,1.0,1.0
2026-07-15,01_Core_Exact_NY,ENABLED,Brand,ENABLED,2487783774618,ENABLED,ELIGIBLE,0,10000,nypllc,EXACT,3,0,0.0,0.0,0,0.0,0.0,0.0,0.0,0.0,0.5,1.0
2026-07-15,01_Core_Exact_NY,ENABLED,Formation-Core,ENABLED,367219700766,ENABLED,ELIGIBLE,0,10000,ny pllc formation,EXACT,9,3,0.3333333333333333,7866666.666666667,23600000,0.0,0.0,2.0,0.0,0.0,0.16666666666666666,1.0
2026-07-15,01_Core_Exact_NY,ENABLED,Formation-Core,ENABLED,472512426639,ENABLED,ELIGIBLE,0,10000,pllc new york,EXACT,1,0,0.0,0.0,0,0.0,0.0,0.0,0.0,0.0,0.0,1.0
2026-07-15,01_Core_Exact_NY,ENABLED,Formation-Core,ENABLED,541338796517,ENABLED,ELIGIBLE,0,10000,new york pllc,EXACT,2,0,0.0,0.0,0,0.0,0.0,0.0,0.0,0.0,0.5,1.0
2026-07-15,01_Core_Exact_NY,ENABLED,Formation-Core,ENABLED,623417180082,ENABLED,ELIGIBLE,0,10000,pllc application ny,EXACT,1,0,0.0,0.0,0,0.0,0.0,0.0,0.0,0.0,0.0,0.0
2026-07-15,01_Core_Exact_NY,ENABLED,Formation-Core,ENABLED,867665928231,ENABLED,ELIGIBLE,0,10000,form pllc new york,EXACT,1,0,0.0,0.0,0,0.0,0.0,0.0,0.0,0.0,0.0,1.0
2026-07-15,01_Core_Exact_NY,ENABLED,Formation-Core,ENABLED,930795086629,ENABLED,ELIGIBLE,0,10000,start pllc,EXACT,1,0,0.0,0.0,0,0.0,0.0,0.0,0.0,0.0,0.0,1.0
2026-07-15,Sales-Search-1,ENABLED,NY PLLC Formation,ENABLED,48929560,ENABLED,ELIGIBLE,0,10000,pllc,BROAD,51,1,0.0196078431372549,11603133.0,11603133,0.0,0.0,0.0,0.0,0.0,0.16666666666666666,0.8055555555555556
2026-07-15,Sales-Search-1,ENABLED,NY PLLC Formation,ENABLED,406972883474,ENABLED,ELIGIBLE,0,10000,pllc formation,PHRASE,1,0,0.0,0.0,0,0.0,0.0,0.0,0.0,0.0,0.0,1.0
2026-07-15,Sales-Search-1,ENABLED,NY PLLC Formation,ENABLED,623093212028,ENABLED,ELIGIBLE,0,10000,pllc formation new york,EXACT,4,1,0.25,26290000.0,26290000,0.0,0.0,0.0,0.0,0.0,0.5,1.0
2026-07-15,Sales-Search-1,ENABLED,NY PLLC Formation,ENABLED,623417180082,ENABLED,ELIGIBLE,0,10000,pllc application ny,EXACT,9,1,0.1111111111111111,10219073.0,10219073,0.0,0.0,0.0,0.0,0.0,0.25,1.0
2026-07-15,Sales-Search-1,ENABLED,NY PLLC Formation,ENABLED,666310871924,ENABLED,ELIGIBLE,0,10000,nys pllc formation,EXACT,2,1,0.5,23910000.0,23910000,1.0,1.0,3.888722,23910000.0,1.0,1.0,1.0
2026-07-15,Sales-Search-1,ENABLED,NY PLLC Formation,ENABLED,2487783774618,ENABLED,ELIGIBLE,0,10000,nypllc,EXACT,6,2,0.3333333333333333,13105000.0,26210000,1.0,0.0,2.0,26210000.0,0.5,1.0,1.0
2026-07-16,01_Core_Exact_NY,ENABLED,Brand,ENABLED,2487783774618,ENABLED,ELIGIBLE,0,10000,nypllc,EXACT,1,0,0.0,0.0,0,0.0,0.0,0.0,0.0,0.0,0.0,1.0
2026-07-16,01_Core_Exact_NY,ENABLED,Formation-Core,ENABLED,367219700766,ENABLED,ELIGIBLE,0,10000,ny pllc formation,EXACT,2,0,0.0,0.0,0,0.0,0.0,0.0,0.0,0.0,1.0,1.0
2026-07-16,01_Core_Exact_NY,ENABLED,Formation-Core,ENABLED,472512426639,ENABLED,ELIGIBLE,0,10000,pllc new york,EXACT,2,0,0.0,0.0,0,0.0,0.0,0.0,0.0,0.0,0.0,1.0
2026-07-16,01_Core_Exact_NY,ENABLED,Formation-Core,ENABLED,623093212228,ENABLED,ELIGIBLE,0,10000,pllc formation ny,EXACT,2,0,0.0,0.0,0,0.0,0.0,0.0,0.0,0.0,0.0,1.0
2026-07-16,01_Core_Exact_NY,ENABLED,Formation-Core,ENABLED,623417180082,ENABLED,ELIGIBLE,0,10000,pllc application ny,EXACT,2,0,0.0,0.0,0,0.0,0.0,0.0,0.0,0.0,0.0,0.5
2026-07-16,01_Core_Exact_NY,ENABLED,Formation-Core,ENABLED,930795086629,ENABLED,ELIGIBLE,0,10000,start pllc,EXACT,3,0,0.0,0.0,0,0.0,0.0,0.0,0.0,0.0,0.0,1.0
2026-07-16,Sales-Search-1,ENABLED,NY PLLC Formation,ENABLED,48929560,ENABLED,ELIGIBLE,0,10000,pllc,BROAD,47,4,0.0851063829787234,11842226.25,47368905,0.0,0.0,1.0,0.0,0.0,0.23529411764705882,0.7941176470588235
2026-07-16,Sales-Search-1,ENABLED,NY PLLC Formation,ENABLED,387421343209,ENABLED,ELIGIBLE,0,10000,nys pllc,PHRASE,1,0,0.0,0.0,0,0.0,0.0,0.0,0.0,0.0,0.0,1.0
2026-07-16,Sales-Search-1,ENABLED,NY PLLC Formation,ENABLED,623093212028,ENABLED,ELIGIBLE,0,10000,pllc formation new york,EXACT,8,2,0.25,14605000.0,29210000,1.0,0.0,3.0,29210000.0,0.5,0.4,1.0
2026-07-16,Sales-Search-1,ENABLED,NY PLLC Formation,ENABLED,623417180082,ENABLED,ELIGIBLE,0,10000,pllc application ny,EXACT,5,2,0.4,9275000.0,18550000,0.0,0.0,1.0,0.0,0.0,0.6666666666666666,0.6666666666666666
2026-07-16,Sales-Search-1,ENABLED,NY PLLC Formation,ENABLED,666310871924,ENABLED,ELIGIBLE,0,10000,nys pllc formation,EXACT,1,0,0.0,0.0,0,0.0,0.0,0.0,0.0,0.0,0.0,1.0
2026-07-16,Sales-Search-1,ENABLED,NY PLLC Formation,ENABLED,2487783774618,ENABLED,ELIGIBLE,0,10000,nypllc,EXACT,1,0,0.0,0.0,0,0.0,1.0,0.0,0.0,0.0,0.0,0.0
2026-07-17,01_Core_Exact_NY,ENABLED,Brand,ENABLED,2487783774618,ENABLED,ELIGIBLE,0,10000,nypllc,EXACT,3,1,0.3333333333333333,2480000.0,2480000,0.0,0.0,0.0,0.0,0.0,0.5,1.0
2026-07-17,01_Core_Exact_NY,ENABLED,Formation-Core,ENABLED,367219700766,ENABLED,ELIGIBLE,0,10000,ny pllc formation,EXACT,2,0,0.0,0.0,0,0.0,0.0,0.0,0.0,0.0,0.5,1.0
2026-07-17,01_Core_Exact_NY,ENABLED,Formation-Core,ENABLED,472512426639,ENABLED,ELIGIBLE,0,10000,pllc new york,EXACT,7,0,0.0,0.0,0,0.0,0.0,0.0,0.0,0.0,0.25,1.0
2026-07-17,Sales-Search-1,ENABLED,NY PLLC Formation,ENABLED,48929560,ENABLED,ELIGIBLE,0,10000,pllc,BROAD,25,0,0.0,0.0,0,0.0,0.0,0.0,0.0,0.0,0.14285714285714285,0.7142857142857143
2026-07-17,Sales-Search-1,ENABLED,NY PLLC Formation,ENABLED,387421343209,ENABLED,ELIGIBLE,0,10000,nys pllc,PHRASE,1,0,0.0,0.0,0,0.0,0.0,0.0,0.0,0.0,0.0,0.0
2026-07-17,Sales-Search-1,ENABLED,NY PLLC Formation,ENABLED,623093212028,ENABLED,ELIGIBLE,0,10000,pllc formation new york,EXACT,3,1,0.3333333333333333,12910000.0,12910000,0.0,2.0,0.0,0.0,0.0,0.0,1.0
2026-07-17,Sales-Search-1,ENABLED,NY PLLC Formation,ENABLED,623417180082,ENABLED,ELIGIBLE,0,10000,pllc application ny,EXACT,3,2,0.6666666666666666,5340000.0,10680000,0.0,0.0,0.0,0.0,0.0,0.0,1.0
2026-07-18,01_Core_Exact_NY,ENABLED,Formation-Core,ENABLED,367219700766,ENABLED,ELIGIBLE,0,10000,ny pllc formation,EXACT,4,1,0.25,6010000.0,6010000,0.0,0.0,0.0,0.0,0.0,0.6666666666666666,1.0
2026-07-18,01_Core_Exact_NY,ENABLED,Formation-Core,ENABLED,930795086629,ENABLED,ELIGIBLE,0,10000,start pllc,EXACT,1,0,0.0,0.0,0,0.0,0.0,0.0,0.0,0.0,0.0,1.0
2026-07-18,Sales-Search-1,ENABLED,NY PLLC Formation,ENABLED,48929560,ENABLED,ELIGIBLE,0,10000,pllc,BROAD,15,0,0.0,0.0,0,0.0,0.0,0.0,0.0,0.0,0.5454545454545454,0.9090909090909091
2026-07-18,Sales-Search-1,ENABLED,NY PLLC Formation,ENABLED,406972883474,ENABLED,ELIGIBLE,0,10000,pllc formation,PHRASE,1,0,0.0,0.0,0,0.0,0.0,0.0,0.0,0.0,0.0,1.0
2026-07-18,Sales-Search-1,ENABLED,NY PLLC Formation,ENABLED,623417180082,ENABLED,ELIGIBLE,0,10000,pllc application ny,EXACT,2,0,0.0,0.0,0,0.0,0.0,0.0,0.0,0.0,0.0,1.0
2026-07-18,Sales-Search-1,ENABLED,NY PLLC Formation,ENABLED,2487783774618,ENABLED,ELIGIBLE,0,10000,nypllc,EXACT,0,0,0.0,0.0,0,0.0,1.0,0.0,0.0,0.0,0.0,0.0
2026-07-19,01_Core_Exact_NY,ENABLED,Formation-Core,ENABLED,623417180082,ENABLED,ELIGIBLE,0,10000,pllc application ny,EXACT,1,0,0.0,0.0,0,0.0,0.0,0.0,0.0,0.0,0.0,1.0
2026-07-19,01_Core_Exact_NY,ENABLED,Formation-Core,ENABLED,930795086629,ENABLED,ELIGIBLE,0,10000,start pllc,EXACT,1,0,0.0,0.0,0,0.0,0.0,0.0,0.0,0.0,0.0,1.0
2026-07-19,01_Core_Exact_NY,ENABLED,Formation-Core,ENABLED,1089940345130,ENABLED,ELIGIBLE,0,10000,new york pllc formation,EXACT,1,0,0.0,0.0,0,0.0,0.0,0.0,0.0,0.0,0.0,1.0
2026-07-19,01_Core_Exact_NY,ENABLED,Service-Intent,ENABLED,919461890341,ENABLED,ELIGIBLE,0,10000,pllc formation service,EXACT,1,0,0.0,0.0,0,0.0,0.0,0.0,0.0,0.0,0.0,1.0
2026-07-19,Sales-Search-1,ENABLED,NY PLLC Formation,ENABLED,48929560,ENABLED,ELIGIBLE,0,10000,pllc,BROAD,34,0,0.0,0.0,0,0.0,0.0,0.0,0.0,0.0,0.3333333333333333,0.625
2026-07-19,Sales-Search-1,ENABLED,NY PLLC Formation,ENABLED,387421343209,ENABLED,ELIGIBLE,0,10000,nys pllc,PHRASE,1,0,0.0,0.0,0,0.0,0.0,0.0,0.0,0.0,1.0,1.0
2026-07-19,Sales-Search-1,ENABLED,NY PLLC Formation,ENABLED,406972883474,ENABLED,ELIGIBLE,0,10000,pllc formation,PHRASE,2,0,0.0,0.0,0,0.0,0.0,0.0,0.0,0.0,0.0,1.0
2026-07-19,Sales-Search-1,ENABLED,NY PLLC Formation,ENABLED,623417180082,ENABLED,ELIGIBLE,0,10000,pllc application ny,EXACT,3,0,0.0,0.0,0,0.0,0.0,0.0,0.0,0.0,0.5,1.0
2026-07-19,Sales-Search-1,ENABLED,NY PLLC Formation,ENABLED,666310871924,ENABLED,ELIGIBLE,0,10000,nys pllc formation,EXACT,1,0,0.0,0.0,0,0.0,0.0,0.0,0.0,0.0,1.0,1.0
2026-07-19,Sales-Search-1,ENABLED,NY PLLC Formation,ENABLED,2429437086184,ENABLED,ELIGIBLE,0,10000,pllc nyc,PHRASE,1,0,0.0,0.0,0,0.0,0.0,0.0,0.0,0.0,0.0,1.0
2026-07-19,Sales-Search-1,ENABLED,NY PLLC Formation,ENABLED,2487783774618,ENABLED,ELIGIBLE,0,10000,nypllc,EXACT,2,0,0.0,0.0,0,0.0,0.0,0.0,0.0,0.0,0.0,1.0
2026-07-20,01_Core_Exact_NY,ENABLED,Brand,ENABLED,2487783774618,ENABLED,ELIGIBLE,0,10000,nypllc,EXACT,5,2,0.4,13910000.0,27820000,0.0,0.0,0.0,0.0,0.0,0.4,1.0
2026-07-20,01_Core_Exact_NY,ENABLED,Formation-Core,ENABLED,367219700766,ENABLED,ELIGIBLE,0,10000,ny pllc formation,EXACT,1,0,0.0,0.0,0,0.0,0.0,0.0,0.0,0.0,0.0,0.0
2026-07-20,01_Core_Exact_NY,ENABLED,Formation-Core,ENABLED,472512426639,ENABLED,ELIGIBLE,0,10000,pllc new york,EXACT,2,0,0.0,0.0,0,0.0,0.0,0.0,0.0,0.0,0.0,1.0
2026-07-20,01_Core_Exact_NY,ENABLED,Formation-Core,ENABLED,930795086629,ENABLED,ELIGIBLE,0,10000,start pllc,EXACT,1,0,0.0,0.0,0,0.0,0.0,0.0,0.0,0.0,0.0,1.0
2026-07-20,01_Core_Exact_NY,ENABLED,Service-Intent,ENABLED,2460671104039,ENABLED,ELIGIBLE,0,10000,pllc formation service ny,EXACT,3,0,0.0,0.0,0,0.0,0.0,0.0,0.0,0.0,0.0,1.0
2026-07-20,Sales-Search-1,ENABLED,NY PLLC Formation,ENABLED,48929560,ENABLED,ELIGIBLE,0,10000,pllc,BROAD,41,3,0.07317073170731707,13800730.0,41402190,0.0,0.0,2.509395,0.0,0.0,0.25806451612903225,0.8064516129032258
2026-07-20,Sales-Search-1,ENABLED,NY PLLC Formation,ENABLED,387421343209,ENABLED,ELIGIBLE,0,10000,nys pllc,PHRASE,2,0,0.0,0.0,0,0.0,0.0,0.0,0.0,0.0,0.0,1.0
2026-07-20,Sales-Search-1,ENABLED,NY PLLC Formation,ENABLED,623093212028,ENABLED,ELIGIBLE,0,10000,pllc formation new york,EXACT,8,0,0.0,0.0,0,0.0,0.0,0.0,0.0,0.0,0.2,1.0
2026-07-20,Sales-Search-1,ENABLED,NY PLLC Formation,ENABLED,623417180082,ENABLED,ELIGIBLE,0,10000,pllc application ny,EXACT,7,2,0.2857142857142857,16450000.0,32900000,0.0,0.0,0.0,0.0,0.0,0.3333333333333333,1.0
2026-07-20,Sales-Search-1,ENABLED,NY PLLC Formation,ENABLED,666310871924,ENABLED,ELIGIBLE,0,10000,nys pllc formation,EXACT,3,0,0.0,0.0,0,0.0,0.0,0.0,0.0,0.0,0.5,1.0
2026-07-20,Sales-Search-1,ENABLED,NY PLLC Formation,ENABLED,2429437086184,ENABLED,ELIGIBLE,0,10000,pllc nyc,PHRASE,1,0,0.0,0.0,0,0.0,0.0,0.0,0.0,0.0,0.0,1.0
2026-07-20,Sales-Search-1,ENABLED,NY PLLC Formation,ENABLED,2487783774618,ENABLED,ELIGIBLE,0,10000,nypllc,EXACT,4,2,0.5,4835000.0,9670000,0.0,0.0,0.0,0.0,0.0,1.0,1.0
2026-07-21,01_Core_Exact_NY,ENABLED,Brand,ENABLED,2487783774618,ENABLED,ELIGIBLE,0,10000,nypllc,EXACT,2,1,0.5,5540000.0,5540000,0.0,0.0,0.0,0.0,0.0,1.0,1.0
2026-07-21,01_Core_Exact_NY,ENABLED,Formation-Core,ENABLED,472512426639,ENABLED,ELIGIBLE,0,10000,pllc new york,EXACT,2,0,0.0,0.0,0,0.0,0.0,0.0,0.0,0.0,0.0,1.0
2026-07-21,01_Core_Exact_NY,ENABLED,Formation-Core,ENABLED,1089940345130,ENABLED,ELIGIBLE,0,10000,new york pllc formation,EXACT,1,0,0.0,0.0,0,0.0,0.0,0.0,0.0,0.0,0.0,1.0
2026-07-21,01_Core_Exact_NY,ENABLED,Formation-Core,ENABLED,1089940345170,ENABLED,ELIGIBLE,0,10000,ny pllc,EXACT,1,0,0.0,0.0,0,0.0,0.0,0.0,0.0,0.0,1.0,1.0
2026-07-21,Sales-Search-1,ENABLED,NY PLLC Formation,ENABLED,48929560,ENABLED,ELIGIBLE,0,10000,pllc,BROAD,43,3,0.06976744186046512,8170000.0,24510000,1.0,0.0,3.490605,24510000.0,0.3333333333333333,0.23333333333333334,0.7666666666666667
2026-07-21,Sales-Search-1,ENABLED,NY PLLC Formation,ENABLED,387421343209,ENABLED,ELIGIBLE,0,10000,nys pllc,PHRASE,1,0,0.0,0.0,0,0.0,0.0,0.0,0.0,0.0,0.0,1.0
2026-07-21,Sales-Search-1,ENABLED,NY PLLC Formation,ENABLED,406972883474,ENABLED,ELIGIBLE,0,10000,pllc formation,PHRASE,1,0,0.0,0.0,0,0.0,0.0,0.0,0.0,0.0,0.0,1.0
2026-07-21,Sales-Search-1,ENABLED,NY PLLC Formation,ENABLED,623093212028,ENABLED,ELIGIBLE,0,10000,pllc formation new york,EXACT,1,0,0.0,0.0,0,0.0,0.0,0.0,0.0,0.0,1.0,1.0
2026-07-21,Sales-Search-1,ENABLED,NY PLLC Formation,ENABLED,623417180082,ENABLED,ELIGIBLE,0,10000,pllc application ny,EXACT,3,0,0.0,0.0,0,0.0,0.0,0.0,0.0,0.0,0.5,1.0
2026-07-21,Sales-Search-1,ENABLED,NY PLLC Formation,ENABLED,666310871924,ENABLED,ELIGIBLE,0,10000,nys pllc formation,EXACT,3,0,0.0,0.0,0,0.0,0.0,0.0,0.0,0.0,0.0,1.0
2026-07-21,Sales-Search-1,ENABLED,NY PLLC Formation,ENABLED,2484375855794,ENABLED,ELIGIBLE,0,10000,pllc nys,PHRASE,1,0,0.0,0.0,0,0.0,0.0,0.0,0.0,0.0,0.0,1.0
2026-07-21,Sales-Search-1,ENABLED,NY PLLC Formation,ENABLED,2487783774618,ENABLED,ELIGIBLE,0,10000,nypllc,EXACT,2,1,0.5,13780000.0,13780000,0.0,0.0,0.0,0.0,0.0,1.0,1.0
2026-07-22,01_Core_Exact_NY,ENABLED,Brand,ENABLED,2487783774618,ENABLED,ELIGIBLE,0,10000,nypllc,EXACT,3,0,0.0,0.0,0,0.0,0.0,0.0,0.0,0.0,0.5,1.0
2026-07-22,01_Core_Exact_NY,ENABLED,Formation-Core,ENABLED,472512426639,ENABLED,ELIGIBLE,0,10000,pllc new york,EXACT,4,0,0.0,0.0,0,0.0,0.0,0.0,0.0,0.0,0.3333333333333333,1.0
2026-07-22,01_Core_Exact_NY,ENABLED,Formation-Core,ENABLED,541338796517,ENABLED,ELIGIBLE,0,10000,new york pllc,EXACT,1,0,0.0,0.0,0,0.0,0.0,0.0,0.0,0.0,0.0,1.0
2026-07-22,01_Core_Exact_NY,ENABLED,Formation-Core,ENABLED,623093212228,ENABLED,ELIGIBLE,0,10000,pllc formation ny,EXACT,1,0,0.0,0.0,0,0.0,0.0,0.0,0.0,0.0,0.0,1.0
2026-07-22,01_Core_Exact_NY,ENABLED,Formation-Core,ENABLED,623417180082,ENABLED,ELIGIBLE,0,10000,pllc application ny,EXACT,1,0,0.0,0.0,0,0.0,0.0,0.0,0.0,0.0,0.0,0.0
2026-07-22,01_Core_Exact_NY,ENABLED,Formation-Core,ENABLED,867665928231,ENABLED,ELIGIBLE,0,10000,form pllc new york,EXACT,1,0,0.0,0.0,0,0.0,0.0,0.0,0.0,0.0,0.0,1.0
2026-07-22,01_Core_Exact_NY,ENABLED,Formation-Core,ENABLED,1089940345170,ENABLED,ELIGIBLE,0,10000,ny pllc,EXACT,1,1,1.0,3970000.0,3970000,0.0,0.0,1.018791,0.0,0.0,1.0,1.0
2026-07-22,01_Core_Exact_NY,ENABLED,Service-Intent,ENABLED,2460671104039,ENABLED,ELIGIBLE,0,10000,pllc formation service ny,EXACT,1,0,0.0,0.0,0,0.0,0.0,0.0,0.0,0.0,0.0,0.0
2026-07-22,Sales-Search-1,ENABLED,NY PLLC Formation,ENABLED,48929560,ENABLED,ELIGIBLE,0,10000,pllc,BROAD,53,3,0.05660377358490566,4906666.666666667,14720000,0.0,1.0,2.0,0.0,0.0,0.17073170731707318,0.6341463414634146
2026-07-22,Sales-Search-1,ENABLED,NY PLLC Formation,ENABLED,387421343209,ENABLED,ELIGIBLE,0,10000,nys pllc,PHRASE,2,0,0.0,0.0,0,0.0,0.0,0.0,0.0,0.0,1.0,1.0
2026-07-22,Sales-Search-1,ENABLED,NY PLLC Formation,ENABLED,623093212028,ENABLED,ELIGIBLE,0,10000,pllc formation new york,EXACT,7,2,0.2857142857142857,10393389.0,20786778,0.0,0.0,0.0,0.0,0.0,0.6,1.0
2026-07-22,Sales-Search-1,ENABLED,NY PLLC Formation,ENABLED,623417180082,ENABLED,ELIGIBLE,0,10000,pllc application ny,EXACT,9,1,0.1111111111111111,1634451.0,1634451,0.0,0.0,0.0,0.0,0.0,0.375,1.0
2026-07-22,Sales-Search-1,ENABLED,NY PLLC Formation,ENABLED,666310871924,ENABLED,ELIGIBLE,0,10000,nys pllc formation,EXACT,2,0,0.0,0.0,0,0.0,0.0,0.0,0.0,0.0,1.0,1.0
2026-07-22,Sales-Search-1,ENABLED,NY PLLC Formation,ENABLED,2484375855794,ENABLED,ELIGIBLE,0,10000,pllc nys,PHRASE,1,0,0.0,0.0,0,0.0,0.0,0.0,0.0,0.0,0.0,1.0
2026-07-22,Sales-Search-1,ENABLED,NY PLLC Formation,ENABLED,2487783774618,ENABLED,ELIGIBLE,0,10000,nypllc,EXACT,1,0,0.0,0.0,0,0.0,0.0,0.0,0.0,0.0,1.0,1.0
2026-07-23,01_Core_Exact_NY,ENABLED,Brand,ENABLED,1663559898840,ENABLED,ELIGIBLE,0,10000,business filing solutions,PHRASE,4,1,0.25,14400000.0,14400000,0.0,0.0,0.0,0.0,0.0,1.0,1.0
2026-07-23,01_Core_Exact_NY,ENABLED,Formation-Core,ENABLED,367219700766,ENABLED,ELIGIBLE,0,10000,ny pllc formation,EXACT,1,0,0.0,0.0,0,0.0,0.0,0.0,0.0,0.0,0.0,1.0
2026-07-23,01_Core_Exact_NY,ENABLED,Formation-Core,ENABLED,472512426639,ENABLED,ELIGIBLE,0,10000,pllc new york,EXACT,1,0,0.0,0.0,0,0.0,0.0,0.0,0.0,0.0,0.0,1.0
2026-07-23,01_Core_Exact_NY,ENABLED,Formation-Core,ENABLED,867665928231,ENABLED,ELIGIBLE,0,10000,form pllc new york,EXACT,1,0,0.0,0.0,0,0.0,0.0,0.0,0.0,0.0,0.0,0.0
2026-07-23,01_Core_Exact_NY,ENABLED,Formation-Core,ENABLED,930795086629,ENABLED,ELIGIBLE,0,10000,start pllc,EXACT,1,0,0.0,0.0,0,0.0,0.0,0.0,0.0,0.0,0.0,1.0
2026-07-23,01_Core_Exact_NY,ENABLED,Service-Intent,ENABLED,2460671104039,ENABLED,ELIGIBLE,0,10000,pllc formation service ny,EXACT,1,1,1.0,10390000.0,10390000,0.0,0.0,0.0,0.0,0.0,1.0,1.0
2026-07-23,Sales-Search-1,ENABLED,NY PLLC Formation,ENABLED,48929560,ENABLED,ELIGIBLE,0,10000,pllc,BROAD,47,3,0.06382978723404255,5150000.0,15450000,0.0,0.0,1.981209,0.0,0.0,0.20588235294117646,0.7352941176470589
2026-07-23,Sales-Search-1,ENABLED,NY PLLC Formation,ENABLED,387421343209,ENABLED,ELIGIBLE,0,10000,nys pllc,PHRASE,1,1,1.0,6480000.0,6480000,0.0,0.0,0.0,0.0,0.0,0.0,1.0
2026-07-23,Sales-Search-1,ENABLED,NY PLLC Formation,ENABLED,623093212028,ENABLED,ELIGIBLE,0,10000,pllc formation new york,EXACT,5,0,0.0,0.0,0,0.0,0.0,0.0,0.0,0.0,0.6666666666666666,1.0
2026-07-23,Sales-Search-1,ENABLED,NY PLLC Formation,ENABLED,623417180082,ENABLED,ELIGIBLE,0,10000,pllc application ny,EXACT,12,3,0.25,5387954.333333333,16163863,0.0,0.0,0.0,0.0,0.0,0.125,0.875
2026-07-23,Sales-Search-1,ENABLED,NY PLLC Formation,ENABLED,666310871924,ENABLED,ELIGIBLE,0,10000,nys pllc formation,EXACT,2,0,0.0,0.0,0,0.0,0.0,0.0,0.0,0.0,1.0,1.0
2026-07-23,Sales-Search-1,ENABLED,NY PLLC Formation,ENABLED,2484375855794,ENABLED,ELIGIBLE,0,10000,pllc nys,PHRASE,3,1,0.3333333333333333,8000000.0,8000000,0.0,0.0,0.0,0.0,0.0,0.5,1.0
2026-07-23,Sales-Search-1,ENABLED,NY PLLC Formation,ENABLED,2487783774618,ENABLED,ELIGIBLE,0,10000,nypllc,EXACT,3,1,0.3333333333333333,1610000.0,1610000,0.0,0.0,0.0,0.0,0.0,0.5,0.5
2026-07-24,01_Core_Exact_NY,ENABLED,Brand,ENABLED,2487783774618,ENABLED,ELIGIBLE,0,10000,nypllc,EXACT,1,0,0.0,0.0,0,0.0,0.0,0.0,0.0,0.0,0.0,1.0
2026-07-24,01_Core_Exact_NY,ENABLED,Formation-Core,ENABLED,367219700766,ENABLED,ELIGIBLE,0,10000,ny pllc formation,EXACT,2,1,0.5,7520000.0,7520000,0.0,0.0,0.0,0.0,0.0,1.0,1.0
2026-07-24,01_Core_Exact_NY,ENABLED,Formation-Core,ENABLED,472512426639,ENABLED,ELIGIBLE,0,10000,pllc new york,EXACT,1,0,0.0,0.0,0,0.0,0.0,0.0,0.0,0.0,0.0,1.0
2026-07-24,01_Core_Exact_NY,ENABLED,Formation-Core,ENABLED,623417180082,ENABLED,ELIGIBLE,0,10000,pllc application ny,EXACT,1,0,0.0,0.0,0,0.0,0.0,0.0,0.0,0.0,0.0,0.0
2026-07-24,01_Core_Exact_NY,ENABLED,Formation-Core,ENABLED,623417180122,ENABLED,ELIGIBLE,0,10000,pllc ny,EXACT,1,0,0.0,0.0,0,0.0,0.0,0.0,0.0,0.0,0.0,1.0
2026-07-24,01_Core_Exact_NY,ENABLED,Formation-Core,ENABLED,1089940345130,ENABLED,ELIGIBLE,0,10000,new york pllc formation,EXACT,1,0,0.0,0.0,0,0.0,0.0,0.0,0.0,0.0,0.0,0.0
2026-07-24,01_Core_Exact_NY,ENABLED,Formation-Core,ENABLED,1089940345170,ENABLED,ELIGIBLE,0,10000,ny pllc,EXACT,1,0,0.0,0.0,0,0.0,0.0,0.0,0.0,0.0,0.0,1.0
2026-07-24,01_Core_Exact_NY,ENABLED,Service-Intent,ENABLED,2460671104039,ENABLED,ELIGIBLE,0,10000,pllc formation service ny,EXACT,1,1,1.0,3770000.0,3770000,0.0,0.0,0.0,0.0,0.0,0.0,0.0
2026-07-24,Sales-Search-1,ENABLED,NY PLLC Formation,ENABLED,48929560,ENABLED,ELIGIBLE,0,10000,pllc,BROAD,34,1,0.029411764705882353,7240000.0,7240000,0.0,0.0,1.0,0.0,0.0,0.4166666666666667,0.8333333333333334
2026-07-24,Sales-Search-1,ENABLED,NY PLLC Formation,ENABLED,623093212028,ENABLED,ELIGIBLE,0,10000,pllc formation new york,EXACT,1,0,0.0,0.0,0,0.0,0.0,0.0,0.0,0.0,0.0,1.0
2026-07-24,Sales-Search-1,ENABLED,NY PLLC Formation,ENABLED,623417180082,ENABLED,ELIGIBLE,0,10000,pllc application ny,EXACT,8,1,0.125,5710000.0,5710000,0.0,0.0,0.0,0.0,0.0,0.0,1.0
2026-07-24,Sales-Search-1,ENABLED,NY PLLC Formation,ENABLED,666310871924,ENABLED,ELIGIBLE,0,10000,nys pllc formation,EXACT,11,0,0.0,0.0,0,0.0,0.0,0.0,0.0,0.0,0.2857142857142857,1.0
2026-07-24,Sales-Search-1,ENABLED,NY PLLC Formation,ENABLED,2487783774618,ENABLED,ELIGIBLE,0,10000,nypllc,EXACT,3,1,0.3333333333333333,4870000.0,4870000,0.0,0.0,0.0,0.0,0.0,0.5,0.5
2026-07-25,Sales-Search-1,ENABLED,NY PLLC Formation,ENABLED,48929560,ENABLED,ELIGIBLE,0,10000,pllc,BROAD,20,3,0.15,7970000.0,23910000,0.0,0.0,1.0,0.0,0.0,0.14285714285714285,0.6428571428571429
2026-07-25,Sales-Search-1,ENABLED,NY PLLC Formation,ENABLED,666310871924,ENABLED,ELIGIBLE,0,10000,nys pllc formation,EXACT,1,1,1.0,9760000.0,9760000,0.0,0.0,0.0,0.0,0.0,0.0,1.0
2026-07-26,01_Core_Exact_NY,ENABLED,Formation-Core,ENABLED,367219700766,ENABLED,ELIGIBLE,0,10000,ny pllc formation,EXACT,2,1,0.5,1760000.0,1760000,0.0,0.0,0.0,0.0,0.0,1.0,1.0
2026-07-26,01_Core_Exact_NY,ENABLED,Formation-Core,ENABLED,472512426639,ENABLED,ELIGIBLE,0,10000,pllc new york,EXACT,1,0,0.0,0.0,0,0.0,0.0,0.0,0.0,0.0,0.0,1.0
2026-07-26,01_Core_Exact_NY,ENABLED,Formation-Core,ENABLED,930795086629,ENABLED,ELIGIBLE,0,10000,start pllc,EXACT,1,0,0.0,0.0,0,0.0,0.0,0.0,0.0,0.0,0.0,1.0
2026-07-26,01_Core_Exact_NY,ENABLED,Service-Intent,ENABLED,2460671104039,ENABLED,ELIGIBLE,0,10000,pllc formation service ny,EXACT,1,0,0.0,0.0,0,0.0,0.0,0.0,0.0,0.0,0.0,0.0
2026-07-26,Sales-Search-1,ENABLED,NY PLLC Formation,ENABLED,48929560,ENABLED,ELIGIBLE,0,10000,pllc,BROAD,10,1,0.1,9130000.0,9130000,0.0,0.0,0.0,0.0,0.0,0.16666666666666666,0.8333333333333334
2026-07-26,Sales-Search-1,ENABLED,NY PLLC Formation,ENABLED,623417180082,ENABLED,ELIGIBLE,0,10000,pllc application ny,EXACT,2,0,0.0,0.0,0,0.0,0.0,0.0,0.0,0.0,0.0,1.0
2026-07-27,01_Core_Exact_NY,ENABLED,Brand,ENABLED,2487783774618,ENABLED,ELIGIBLE,0,10000,nypllc,EXACT,2,0,0.0,0.0,0,0.0,0.0,0.0,0.0,0.0,0.0,1.0
2026-07-27,01_Core_Exact_NY,ENABLED,Formation-Core,ENABLED,367219700766,ENABLED,ELIGIBLE,0,10000,ny pllc formation,EXACT,2,0,0.0,0.0,0,0.0,0.0,0.0,0.0,0.0,0.0,1.0
2026-07-27,01_Core_Exact_NY,ENABLED,Formation-Core,ENABLED,472512426639,ENABLED,ELIGIBLE,0,10000,pllc new york,EXACT,2,0,0.0,0.0,0,0.0,0.0,0.0,0.0,0.0,0.0,1.0
2026-07-27,01_Core_Exact_NY,ENABLED,Formation-Core,ENABLED,541338796517,ENABLED,ELIGIBLE,0,10000,new york pllc,EXACT,1,0,0.0,0.0,0,0.0,0.0,0.0,0.0,0.0,0.0,1.0
2026-07-27,01_Core_Exact_NY,ENABLED,Formation-Core,ENABLED,623417180082,ENABLED,ELIGIBLE,0,10000,pllc application ny,EXACT,1,0,0.0,0.0,0,0.0,0.0,0.0,0.0,0.0,0.0,1.0
2026-07-27,01_Core_Exact_NY,ENABLED,Formation-Core,ENABLED,930795086629,ENABLED,ELIGIBLE,0,10000,start pllc,EXACT,2,2,1.0,714916.5,1429833,0.0,0.0,1.0,0.0,0.0,0.0,1.0
2026-07-27,01_Core_Exact_NY,ENABLED,Formation-Core,ENABLED,1089940345170,ENABLED,ELIGIBLE,0,10000,ny pllc,EXACT,2,1,0.5,10620000.0,10620000,0.0,0.0,0.0,0.0,0.0,0.5,1.0
2026-07-27,Sales-Search-1,ENABLED,NY PLLC Formation,ENABLED,48929560,ENABLED,ELIGIBLE,0,10000,pllc,BROAD,47,5,0.10638297872340426,6256000.0,31280000,0.0,0.0,0.0,0.0,0.0,0.16666666666666666,0.75
2026-07-27,Sales-Search-1,ENABLED,NY PLLC Formation,ENABLED,387421343209,ENABLED,ELIGIBLE,0,10000,nys pllc,PHRASE,1,0,0.0,0.0,0,0.0,0.0,0.0,0.0,0.0,0.0,1.0
2026-07-27,Sales-Search-1,ENABLED,NY PLLC Formation,ENABLED,406972883474,ENABLED,ELIGIBLE,0,10000,pllc formation,PHRASE,1,0,0.0,0.0,0,0.0,0.0,0.0,0.0,0.0,0.0,0.0
2026-07-27,Sales-Search-1,ENABLED,NY PLLC Formation,ENABLED,623093212028,ENABLED,ELIGIBLE,0,10000,pllc formation new york,EXACT,8,1,0.125,17130000.0,17130000,0.0,0.0,0.0,0.0,0.0,0.8,1.0
2026-07-27,Sales-Search-1,ENABLED,NY PLLC Formation,ENABLED,623417180082,ENABLED,ELIGIBLE,0,10000,pllc application ny,EXACT,5,0,0.0,0.0,0,0.0,0.0,0.0,0.0,0.0,0.5,1.0
2026-07-27,Sales-Search-1,ENABLED,NY PLLC Formation,ENABLED,1232236794176,ENABLED,ELIGIBLE,0,10000,form pllc,PHRASE,1,0,0.0,0.0,0,0.0,0.0,0.0,0.0,0.0,0.0,1.0
2026-07-27,Sales-Search-1,ENABLED,NY PLLC Formation,ENABLED,2429437086184,ENABLED,ELIGIBLE,0,10000,pllc nyc,PHRASE,1,0,0.0,0.0,0,0.0,0.0,0.0,0.0,0.0,0.0,1.0
2026-07-27,Sales-Search-1,ENABLED,NY PLLC Formation,ENABLED,2484375855794,ENABLED,ELIGIBLE,0,10000,pllc nys,PHRASE,2,0,0.0,0.0,0,0.0,0.0,0.0,0.0,0.0,0.0,1.0
2026-07-27,Sales-Search-1,ENABLED,NY PLLC Formation,ENABLED,2487783774618,ENABLED,ELIGIBLE,0,10000,nypllc,EXACT,5,0,0.0,0.0,0,0.0,0.0,0.0,0.0,0.0,0.5,1.0
2026-07-28,01_Core_Exact_NY,ENABLED,Brand,ENABLED,2487783774618,ENABLED,ELIGIBLE,0,10000,nypllc,EXACT,2,1,0.5,3010000.0,3010000,0.0,0.0,0.0,0.0,0.0,1.0,1.0
2026-07-28,01_Core_Exact_NY,ENABLED,Formation-Core,ENABLED,472512426639,ENABLED,ELIGIBLE,0,10000,pllc new york,EXACT,1,0,0.0,0.0,0,0.0,0.0,0.0,0.0,0.0,0.0,1.0
2026-07-28,01_Core_Exact_NY,ENABLED,Formation-Core,ENABLED,867665928231,ENABLED,ELIGIBLE,0,10000,form pllc new york,EXACT,2,0,0.0,0.0,0,0.0,0.0,0.0,0.0,0.0,0.0,1.0
2026-07-28,01_Core_Exact_NY,ENABLED,Formation-Core,ENABLED,930795086629,ENABLED,ELIGIBLE,0,10000,start pllc,EXACT,2,0,0.0,0.0,0,0.0,0.0,0.0,0.0,0.0,0.0,0.5
2026-07-28,01_Core_Exact_NY,ENABLED,Formation-Core,ENABLED,1089940345170,ENABLED,ELIGIBLE,0,10000,ny pllc,EXACT,4,2,0.5,525000.0,1050000,0.0,0.0,0.0,0.0,0.0,0.5,1.0
2026-07-28,Sales-Search-1,ENABLED,NY PLLC Formation,ENABLED,48929560,ENABLED,ELIGIBLE,0,10000,pllc,BROAD,27,2,0.07407407407407407,10105000.0,20210000,0.0,0.0,0.0,0.0,0.0,0.13636363636363635,0.6818181818181818
2026-07-28,Sales-Search-1,ENABLED,NY PLLC Formation,ENABLED,387421343209,ENABLED,ELIGIBLE,0,10000,nys pllc,PHRASE,1,0,0.0,0.0,0,0.0,0.0,0.0,0.0,0.0,0.0,1.0
2026-07-28,Sales-Search-1,ENABLED,NY PLLC Formation,ENABLED,623093212028,ENABLED,ELIGIBLE,0,10000,pllc formation new york,EXACT,14,1,0.07142857142857142,11600000.0,11600000,0.0,0.0,0.0,0.0,0.0,0.5,1.0
2026-07-28,Sales-Search-1,ENABLED,NY PLLC Formation,ENABLED,623417180082,ENABLED,ELIGIBLE,0,10000,pllc application ny,EXACT,6,0,0.0,0.0,0,0.0,0.0,0.0,0.0,0.0,0.0,1.0
2026-07-28,Sales-Search-1,ENABLED,NY PLLC Formation,ENABLED,666310871924,ENABLED,ELIGIBLE,0,10000,nys pllc formation,EXACT,2,0,0.0,0.0,0,0.0,0.0,0.0,0.0,0.0,0.0,1.0
2026-07-28,Sales-Search-1,ENABLED,NY PLLC Formation,ENABLED,2484375855794,ENABLED,ELIGIBLE,0,10000,pllc nys,PHRASE,3,0,0.0,0.0,0,0.0,0.0,0.0,0.0,0.0,0.0,0.6666666666666666
2026-07-28,Sales-Search-1,ENABLED,NY PLLC Formation,ENABLED,2487783774618,ENABLED,ELIGIBLE,0,10000,nypllc,EXACT,2,0,0.0,0.0,0,0.0,0.0,0.0,0.0,0.0,0.0,0.5
2026-07-29,01_Core_Exact_NY,ENABLED,Brand,ENABLED,2487783774618,ENABLED,ELIGIBLE,0,10000,nypllc,EXACT,2,1,0.5,4030000.0,4030000,0.0,0.0,0.0,0.0,0.0,0.0,1.0
2026-07-29,01_Core_Exact_NY,ENABLED,Formation-Core,ENABLED,367219700766,ENABLED,ELIGIBLE,0,10000,ny pllc formation,EXACT,1,0,0.0,0.0,0,0.0,0.0,0.0,0.0,0.0,0.0,1.0
2026-07-29,01_Core_Exact_NY,ENABLED,Formation-Core,ENABLED,472512426639,ENABLED,ELIGIBLE,0,10000,pllc new york,EXACT,1,0,0.0,0.0,0,0.0,0.0,0.0,0.0,0.0,0.0,1.0
2026-07-29,01_Core_Exact_NY,ENABLED,Formation-Core,ENABLED,666310871924,ENABLED,ELIGIBLE,0,10000,nys pllc formation,EXACT,3,0,0.0,0.0,0,0.0,0.0,0.0,0.0,0.0,0.0,0.6666666666666666
2026-07-29,01_Core_Exact_NY,ENABLED,Formation-Core,ENABLED,930795086629,ENABLED,ELIGIBLE,0,10000,start pllc,EXACT,1,0,0.0,0.0,0,0.0,0.0,0.0,0.0,0.0,0.0,1.0
2026-07-29,01_Core_Exact_NY,ENABLED,Formation-Core,ENABLED,1089940345130,ENABLED,ELIGIBLE,0,10000,new york pllc formation,EXACT,1,0,0.0,0.0,0,0.0,0.0,0.0,0.0,0.0,0.0,1.0
2026-07-29,01_Core_Exact_NY,ENABLED,Service-Intent,ENABLED,2460671104039,ENABLED,ELIGIBLE,0,10000,pllc formation service ny,EXACT,1,0,0.0,0.0,0,0.0,0.0,0.0,0.0,0.0,1.0,1.0
2026-07-29,Sales-Search-1,ENABLED,NY PLLC Formation,ENABLED,48929560,ENABLED,ELIGIBLE,0,10000,pllc,BROAD,35,1,0.02857142857142857,8000000.0,8000000,0.0,0.0,0.0,0.0,0.0,0.125,0.75
2026-07-29,Sales-Search-1,ENABLED,NY PLLC Formation,ENABLED,387421343209,ENABLED,ELIGIBLE,0,10000,nys pllc,PHRASE,3,0,0.0,0.0,0,0.0,0.0,0.0,0.0,0.0,0.5,1.0
2026-07-29,Sales-Search-1,ENABLED,NY PLLC Formation,ENABLED,406972883474,ENABLED,ELIGIBLE,0,10000,pllc formation,PHRASE,2,0,0.0,0.0,0,0.0,0.0,0.0,0.0,0.0,1.0,1.0
2026-07-29,Sales-Search-1,ENABLED,NY PLLC Formation,ENABLED,623093212028,ENABLED,ELIGIBLE,0,10000,pllc formation new york,EXACT,14,4,0.2857142857142857,10127500.0,40510000,0.0,0.0,1.0,0.0,0.0,0.2727272727272727,0.8181818181818182
2026-07-29,Sales-Search-1,ENABLED,NY PLLC Formation,ENABLED,623417180082,ENABLED,ELIGIBLE,0,10000,pllc application ny,EXACT,7,0,0.0,0.0,0,0.0,0.0,0.0,0.0,0.0,0.3333333333333333,0.8333333333333334
2026-07-29,Sales-Search-1,ENABLED,NY PLLC Formation,ENABLED,666310871924,ENABLED,ELIGIBLE,0,10000,nys pllc formation,EXACT,6,0,0.0,0.0,0,0.0,0.0,0.0,0.0,0.0,0.5,0.75
2026-07-29,Sales-Search-1,ENABLED,NY PLLC Formation,ENABLED,1232236794176,ENABLED,ELIGIBLE,0,10000,form pllc,PHRASE,1,0,0.0,0.0,0,0.0,0.0,0.0,0.0,0.0,0.0,1.0
2026-07-29,Sales-Search-1,ENABLED,NY PLLC Formation,ENABLED,2484375855794,ENABLED,ELIGIBLE,0,10000,pllc nys,PHRASE,3,0,0.0,0.0,0,0.0,0.0,0.0,0.0,0.0,0.5,1.0
2026-07-29,Sales-Search-1,ENABLED,NY PLLC Formation,ENABLED,2487783774618,ENABLED,ELIGIBLE,0,10000,nypllc,EXACT,3,1,0.3333333333333333,1126803.0,1126803,0.0,0.0,0.0,0.0,0.0,1.0,1.0
2026-07-30,01_Core_Exact_NY,ENABLED,Brand,ENABLED,2487783774618,ENABLED,ELIGIBLE,0,10000,nypllc,EXACT,2,0,0.0,0.0,0,0.0,0.0,0.0,0.0,0.0,0.0,1.0
2026-07-30,01_Core_Exact_NY,ENABLED,Formation-Core,ENABLED,367219700766,ENABLED,ELIGIBLE,0,10000,ny pllc formation,EXACT,1,1,1.0,1140000.0,1140000,0.0,0.0,0.0,0.0,0.0,0.0,1.0
2026-07-30,01_Core_Exact_NY,ENABLED,Formation-Core,ENABLED,541338796517,ENABLED,ELIGIBLE,0,10000,new york pllc,EXACT,2,0,0.0,0.0,0,0.0,0.0,0.0,0.0,0.0,1.0,1.0
2026-07-30,01_Core_Exact_NY,ENABLED,Formation-Core,ENABLED,623417180122,ENABLED,ELIGIBLE,0,10000,pllc ny,EXACT,1,1,1.0,10223915.0,10223915,0.0,0.0,0.0,0.0,0.0,0.0,1.0
2026-07-30,01_Core_Exact_NY,ENABLED,Formation-Core,ENABLED,666310871924,ENABLED,ELIGIBLE,0,10000,nys pllc formation,EXACT,1,0,0.0,0.0,0,0.0,0.0,0.0,0.0,0.0,0.0,0.0
2026-07-30,01_Core_Exact_NY,ENABLED,Formation-Core,ENABLED,930795086629,ENABLED,ELIGIBLE,0,10000,start pllc,EXACT,3,0,0.0,0.0,0,0.0,0.0,0.0,0.0,0.0,0.0,0.6666666666666666
2026-07-30,Sales-Search-1,ENABLED,NY PLLC Formation,ENABLED,48929560,ENABLED,ELIGIBLE,0,10000,pllc,BROAD,29,3,0.10344827586206896,5753333.333333333,17260000,1.0,1.0,4.0,17260000.0,0.3333333333333333,0.17391304347826086,0.7391304347826086
2026-07-30,Sales-Search-1,ENABLED,NY PLLC Formation,ENABLED,623093212028,ENABLED,ELIGIBLE,0,10000,pllc formation new york,EXACT,7,0,0.0,0.0,0,0.0,0.0,0.0,0.0,0.0,0.0,0.6
2026-07-30,Sales-Search-1,ENABLED,NY PLLC Formation,ENABLED,623417180082,ENABLED,ELIGIBLE,0,10000,pllc application ny,EXACT,8,0,0.0,0.0,0,0.0,0.0,0.0,0.0,0.0,0.3333333333333333,1.0
2026-07-30,Sales-Search-1,ENABLED,NY PLLC Formation,ENABLED,666310871924,ENABLED,ELIGIBLE,0,10000,nys pllc formation,EXACT,7,0,0.0,0.0,0,0.0,0.0,0.0,0.0,0.0,0.25,1.0
2026-07-30,Sales-Search-1,ENABLED,NY PLLC Formation,ENABLED,2484375855794,ENABLED,ELIGIBLE,0,10000,pllc nys,PHRASE,2,0,0.0,0.0,0,0.0,0.0,0.0,0.0,0.0,1.0,1.0
2026-07-31,01_Core_Exact_NY,ENABLED,Formation-Core,ENABLED,367219700766,ENABLED,ELIGIBLE,0,10000,ny pllc formation,EXACT,2,1,0.5,9730000.0,9730000,0.0,0.0,0.0,0.0,0.0,1.0,1.0
2026-07-31,01_Core_Exact_NY,ENABLED,Formation-Core,ENABLED,541338796517,ENABLED,ELIGIBLE,0,10000,new york pllc,EXACT,1,2,2.0,2580000.0,5160000,0.0,0.0,0.0,0.0,0.0,0.0,1.0
2026-07-31,01_Core_Exact_NY,ENABLED,Formation-Core,ENABLED,623417180122,ENABLED,ELIGIBLE,0,10000,pllc ny,EXACT,2,0,0.0,0.0,0,0.0,0.0,0.0,0.0,0.0,0.0,1.0
2026-07-31,01_Core_Exact_NY,ENABLED,Formation-Core,ENABLED,867665928231,ENABLED,ELIGIBLE,0,10000,form pllc new york,EXACT,1,0,0.0,0.0,0,0.0,0.0,0.0,0.0,0.0,0.0,1.0
2026-07-31,01_Core_Exact_NY,ENABLED,Formation-Core,ENABLED,930795086629,ENABLED,ELIGIBLE,0,10000,start pllc,EXACT,1,0,0.0,0.0,0,0.0,0.0,0.0,0.0,0.0,0.0,0.0
2026-07-31,01_Core_Exact_NY,ENABLED,Formation-Core,ENABLED,1089940345130,ENABLED,ELIGIBLE,0,10000,new york pllc formation,EXACT,1,0,0.0,0.0,0,0.0,0.0,0.0,0.0,0.0,0.0,1.0
2026-07-31,01_Core_Exact_NY,ENABLED,Service-Intent,ENABLED,2460671104039,ENABLED,ELIGIBLE,0,10000,pllc formation service ny,EXACT,2,0,0.0,0.0,0,0.0,0.0,0.0,0.0,0.0,0.0,1.0
2026-07-31,Sales-Search-1,ENABLED,NY PLLC Formation,ENABLED,48929560,ENABLED,ELIGIBLE,0,10000,pllc,BROAD,24,1,0.041666666666666664,3420000.0,3420000,0.0,0.0,1.0,0.0,0.0,0.11764705882352941,0.7647058823529411
2026-07-31,Sales-Search-1,ENABLED,NY PLLC Formation,ENABLED,352427758022,ENABLED,ELIGIBLE,0,10000,professional corporation new york,PHRASE,1,0,0.0,0.0,0,0.0,0.0,0.0,0.0,0.0,0.0,0.0
2026-07-31,Sales-Search-1,ENABLED,NY PLLC Formation,ENABLED,623093212028,ENABLED,ELIGIBLE,0,10000,pllc formation new york,EXACT,2,0,0.0,0.0,0,0.0,0.0,0.0,0.0,0.0,0.0,1.0
2026-07-31,Sales-Search-1,ENABLED,NY PLLC Formation,ENABLED,623417180082,ENABLED,ELIGIBLE,0,10000,pllc application ny,EXACT,5,0,0.0,0.0,0,0.0,0.0,0.0,0.0,0.0,0.25,1.0
2026-07-31,Sales-Search-1,ENABLED,NY PLLC Formation,ENABLED,666310871924,ENABLED,ELIGIBLE,0,10000,nys pllc formation,EXACT,2,0,0.0,0.0,0,0.0,0.0,0.0,0.0,0.0,0.0,1.0
2026-07-31,Sales-Search-1,ENABLED,NY PLLC Formation,ENABLED,2484375855794,ENABLED,ELIGIBLE,0,10000,pllc nys,PHRASE,1,0,0.0,0.0,0,0.0,0.0,0.0,0.0,0.0,0.0,1.0
2026-07-31,Sales-Search-1,ENABLED,NY PLLC Formation,ENABLED,2487783774618,ENABLED,ELIGIBLE,0,10000,nypllc,EXACT,7,3,0.42857142857142855,7740000.0,23220000,0.0,0.0,0.0,0.0,0.0,0.75,0.75
2026-08-01,01_Core_Exact_NY,ENABLED,Brand,ENABLED,2487783774618,ENABLED,ELIGIBLE,0,10000,nypllc,EXACT,2,0,0.0,0.0,0,0.0,0.0,0.0,0.0,0.0,0.0,1.0
2026-08-01,01_Core_Exact_NY,ENABLED,Formation-Core,ENABLED,367219700766,ENABLED,ELIGIBLE,0,10000,ny pllc formation,EXACT,1,0,0.0,0.0,0,0.0,0.0,0.0,0.0,0.0,0.0,1.0
2026-08-01,01_Core_Exact_NY,ENABLED,Formation-Core,ENABLED,541338796517,ENABLED,ELIGIBLE,0,10000,new york pllc,EXACT,1,0,0.0,0.0,0,0.0,0.0,0.0,0.0,0.0,0.0,1.0
2026-08-01,Sales-Search-1,ENABLED,NY PLLC Formation,ENABLED,48929560,ENABLED,ELIGIBLE,0,10000,pllc,BROAD,8,1,0.125,10880000.0,10880000,0.5,0.5,1.5,21760000.0,0.5,0.2,0.8
2026-08-01,Sales-Search-1,ENABLED,NY PLLC Formation,ENABLED,623093212028,ENABLED,ELIGIBLE,0,10000,pllc formation new york,EXACT,5,2,0.4,9774411.5,19548823,0.5,0.5,2.5,39097646.0,0.25,0.5,1.0
2026-08-01,Sales-Search-1,ENABLED,NY PLLC Formation,ENABLED,2487783774618,ENABLED,ELIGIBLE,0,10000,nypllc,EXACT,2,1,0.5,12180000.0,12180000,1.0,1.0,3.0,12180000.0,1.0,1.0,1.0
2026-08-02,01_Core_Exact_NY,ENABLED,Formation-Core,ENABLED,367219700766,ENABLED,ELIGIBLE,0,10000,ny pllc formation,EXACT,1,0,0.0,0.0,0,0.0,0.0,0.0,0.0,0.0,0.0,1.0
2026-08-02,01_Core_Exact_NY,ENABLED,Formation-Core,ENABLED,472512426639,ENABLED,ELIGIBLE,0,10000,pllc new york,EXACT,2,1,0.5,20370000.0,20370000,0.0,0.0,0.0,0.0,0.0,1.0,1.0
2026-08-02,01_Core_Exact_NY,ENABLED,Formation-Core,ENABLED,541338796517,ENABLED,ELIGIBLE,0,10000,new york pllc,EXACT,1,0,0.0,0.0,0,0.0,0.0,0.0,0.0,0.0,0.0,1.0
2026-08-02,01_Core_Exact_NY,ENABLED,Formation-Core,ENABLED,623417180122,ENABLED,ELIGIBLE,0,10000,pllc ny,EXACT,2,1,0.5,6330000.0,6330000,0.0,0.0,0.0,0.0,0.0,0.0,1.0
2026-08-02,01_Core_Exact_NY,ENABLED,Formation-Core,ENABLED,1089940345130,ENABLED,ELIGIBLE,0,10000,new york pllc formation,EXACT,4,0,0.0,0.0,0,0.0,0.0,0.0,0.0,0.0,0.6666666666666666,1.0
2026-08-02,Sales-Search-1,ENABLED,NY PLLC Formation,ENABLED,48929560,ENABLED,ELIGIBLE,0,10000,pllc,BROAD,19,1,0.05263157894736842,9110000.0,9110000,0.0,0.0,0.0,0.0,0.0,0.26666666666666666,0.6666666666666666
2026-08-02,Sales-Search-1,ENABLED,NY PLLC Formation,ENABLED,387421343209,ENABLED,ELIGIBLE,0,10000,nys pllc,PHRASE,2,0,0.0,0.0,0,0.0,0.0,0.0,0.0,0.0,1.0,1.0
2026-08-02,Sales-Search-1,ENABLED,NY PLLC Formation,ENABLED,623417180082,ENABLED,ELIGIBLE,0,10000,pllc application ny,EXACT,4,0,0.0,0.0,0,0.0,0.0,0.0,0.0,0.0,0.0,1.0
2026-08-03,01_Core_Exact_NY,ENABLED,Formation-Core,ENABLED,367219700766,ENABLED,ELIGIBLE,0,10000,ny pllc formation,EXACT,5,1,0.2,1730000.0,1730000,0.0,0.0,1.0,0.0,0.0,0.25,1.0
2026-08-03,01_Core_Exact_NY,ENABLED,Formation-Core,ENABLED,623417180122,ENABLED,ELIGIBLE,0,10000,pllc ny,EXACT,3,0,0.0,0.0,0,0.0,0.0,0.0,0.0,0.0,0.5,1.0
2026-08-03,01_Core_Exact_NY,ENABLED,Formation-Core,ENABLED,666310871924,ENABLED,ELIGIBLE,0,10000,nys pllc formation,EXACT,1,0,0.0,0.0,0,0.0,0.0,0.0,0.0,0.0,0.0,1.0
2026-08-03,01_Core_Exact_NY,ENABLED,Formation-Core,ENABLED,930795086629,ENABLED,ELIGIBLE,0,10000,start pllc,EXACT,1,0,0.0,0.0,0,0.0,0.0,0.0,0.0,0.0,0.0,1.0
2026-08-03,01_Core_Exact_NY,ENABLED,Formation-Core,ENABLED,1089940345130,ENABLED,ELIGIBLE,0,10000,new york pllc formation,EXACT,4,0,0.0,0.0,0,0.0,0.0,0.0,0.0,0.0,0.0,1.0
2026-08-03,01_Core_Exact_NY,ENABLED,Formation-Core,ENABLED,1089940345170,ENABLED,ELIGIBLE,0,10000,ny pllc,EXACT,3,0,0.0,0.0,0,0.0,0.0,0.0,0.0,0.0,0.0,1.0
2026-08-03,Sales-Search-1,ENABLED,NY PLLC Formation,ENABLED,48929560,ENABLED,ELIGIBLE,0,10000,pllc,BROAD,32,2,0.0625,6940000.0,13880000,0.0,0.0,2.0,0.0,0.0,0.16,0.8
2026-08-03,Sales-Search-1,ENABLED,NY PLLC Formation,ENABLED,406972883474,ENABLED,ELIGIBLE,0,10000,pllc formation,PHRASE,1,0,0.0,0.0,0,0.0,0.0,0.0,0.0,0.0,0.0,1.0
2026-08-03,Sales-Search-1,ENABLED,NY PLLC Formation,ENABLED,623093212028,ENABLED,ELIGIBLE,0,10000,pllc formation new york,EXACT,4,0,0.0,0.0,0,0.0,0.0,0.0,0.0,0.0,0.0,1.0
2026-08-03,Sales-Search-1,ENABLED,NY PLLC Formation,ENABLED,623417180082,ENABLED,ELIGIBLE,0,10000,pllc application ny,EXACT,11,1,0.09090909090909091,7210000.0,7210000,0.0,0.0,0.0,0.0,0.0,0.0,1.0
2026-08-03,Sales-Search-1,ENABLED,NY PLLC Formation,ENABLED,666310871924,ENABLED,ELIGIBLE,0,10000,nys pllc formation,EXACT,4,0,0.0,0.0,0,0.0,0.0,0.0,0.0,0.0,0.0,1.0
2026-08-03,Sales-Search-1,ENABLED,NY PLLC Formation,ENABLED,2429437086184,ENABLED,ELIGIBLE,0,10000,pllc nyc,PHRASE,1,0,0.0,0.0,0,0.0,0.0,0.0,0.0,0.0,1.0,1.0
2026-08-03,Sales-Search-1,ENABLED,NY PLLC Formation,ENABLED,2484375855794,ENABLED,ELIGIBLE,0,10000,pllc nys,PHRASE,2,0,0.0,0.0,0,0.0,0.0,0.0,0.0,0.0,1.0,1.0
2026-08-03,Sales-Search-1,ENABLED,NY PLLC Formation,ENABLED,2487783774618,ENABLED,ELIGIBLE,0,10000,nypllc,EXACT,8,2,0.25,12765000.0,25530000,0.0,0.0,0.0,0.0,0.0,1.0,1.0
2026-08-04,01_Core_Exact_NY,ENABLED,Formation-Core,ENABLED,623093212228,ENABLED,ELIGIBLE,0,10000,pllc formation ny,EXACT,1,0,0.0,0.0,0,0.0,0.0,0.0,0.0,0.0,0.0,1.0
2026-08-04,01_Core_Exact_NY,ENABLED,Formation-Core,ENABLED,623417180122,ENABLED,ELIGIBLE,0,10000,pllc ny,EXACT,3,1,0.3333333333333333,4410000.0,4410000,0.0,0.0,0.0,0.0,0.0,0.0,1.0
2026-08-04,01_Core_Exact_NY,ENABLED,Formation-Core,ENABLED,867665928231,ENABLED,ELIGIBLE,0,10000,form pllc new york,EXACT,1,0,0.0,0.0,0,0.0,0.0,0.0,0.0,0.0,0.0,1.0
2026-08-04,01_Core_Exact_NY,ENABLED,Formation-Core,ENABLED,1089940345130,ENABLED,ELIGIBLE,0,10000,new york pllc formation,EXACT,1,0,0.0,0.0,0,0.0,0.0,0.0,0.0,0.0,0.0,0.0
2026-08-04,01_Core_Exact_NY,ENABLED,Formation-Core,ENABLED,1089940345170,ENABLED,ELIGIBLE,0,10000,ny pllc,EXACT,3,1,0.3333333333333333,2760000.0,2760000,0.0,0.0,0.0,0.0,0.0,0.5,1.0
2026-08-04,Sales-Search-1,ENABLED,NY PLLC Formation,ENABLED,48929560,ENABLED,ELIGIBLE,0,10000,pllc,BROAD,24,1,0.041666666666666664,14050000.0,14050000,0.0,0.0,0.0,0.0,0.0,0.15789473684210525,0.8421052631578947
2026-08-04,Sales-Search-1,ENABLED,NY PLLC Formation,ENABLED,623093212028,ENABLED,ELIGIBLE,0,10000,pllc formation new york,EXACT,2,0,0.0,0.0,0,0.0,0.0,0.0,0.0,0.0,0.0,1.0
2026-08-04,Sales-Search-1,ENABLED,NY PLLC Formation,ENABLED,623417180082,ENABLED,ELIGIBLE,0,10000,pllc application ny,EXACT,5,0,0.0,0.0,0,0.0,0.0,0.0,0.0,0.0,0.25,1.0
2026-08-04,Sales-Search-1,ENABLED,NY PLLC Formation,ENABLED,666310871924,ENABLED,ELIGIBLE,0,10000,nys pllc formation,EXACT,2,0,0.0,0.0,0,0.0,0.0,0.0,0.0,0.0,1.0,1.0
