shared_set.name,shared_set.id,shared_criterion.keyword.text,shared_criterion.keyword.match_type
Neg B — Research DIY education,12145390194,template,PHRASE
Neg B — Research DIY education,12145390194,what is,PHRASE
Neg B — Research DIY education,12145390194,free download,PHRASE
Neg B — Research DIY education,12145390194,pdf,PHRASE
Neg B — Research DIY education,12145390194,diy,PHRASE
Neg B — Research DIY education,12145390194,sample,PHRASE
Neg B — Research DIY education,12145390194,definition,PHRASE
Neg B — Research DIY education,12145390194,meaning,PHRASE
Neg B — Research DIY education,12145390194,versus,PHRASE
Neg B — Research DIY education,12145390194,vs,PHRASE
Neg B — Research DIY education,12145390194,pros and cons,PHRASE
Neg B — Research DIY education,12145390194,yourself,PHRASE
Neg B — Research DIY education,12145390194,example,PHRASE
Neg B — Research DIY education,12145390194,difference between,PHRASE
Neg B — Research DIY education,12145390194,wiki,PHRASE
Neg A-FQ — Other states (excl NY + FQ origins),12146898703,arkansas,PHRASE
Neg A-FQ — Other states (excl NY + FQ origins),12146898703,tennessee,PHRASE
Neg A-FQ — Other states (excl NY + FQ origins),12146898703,new mexico,PHRASE
Neg A-FQ — Other states (excl NY + FQ origins),12146898703,kansas,PHRASE
Neg A-FQ — Other states (excl NY + FQ origins),12146898703,north carolina,PHRASE
Neg A-FQ — Other states (excl NY + FQ origins),12146898703,new hampshire,PHRASE
Neg A-FQ — Other states (excl NY + FQ origins),12146898703,georgia,PHRASE
Neg A-FQ — Other states (excl NY + FQ origins),12146898703,west virginia,PHRASE
Neg A-FQ — Other states (excl NY + FQ origins),12146898703,alabama,PHRASE
Neg A-FQ — Other states (excl NY + FQ origins),12146898703,massachusetts,PHRASE
Neg A-FQ — Other states (excl NY + FQ origins),12146898703,rhode island,PHRASE
Neg A-FQ — Other states (excl NY + FQ origins),12146898703,hawaii,PHRASE
Neg A-FQ — Other states (excl NY + FQ origins),12146898703,nevada,PHRASE
Neg A-FQ — Other states (excl NY + FQ origins),12146898703,south carolina,PHRASE
Neg A-FQ — Other states (excl NY + FQ origins),12146898703,colorado,PHRASE
Neg A-FQ — Other states (excl NY + FQ origins),12146898703,montana,PHRASE
Neg A-FQ — Other states (excl NY + FQ origins),12146898703,utah,PHRASE
Neg A-FQ — Other states (excl NY + FQ origins),12146898703,ohio,PHRASE
Neg A-FQ — Other states (excl NY + FQ origins),12146898703,south dakota,PHRASE
Neg A-FQ — Other states (excl NY + FQ origins),12146898703,oklahoma,PHRASE
Neg A-FQ — Other states (excl NY + FQ origins),12146898703,oregon,PHRASE
Neg A-FQ — Other states (excl NY + FQ origins),12146898703,washington,PHRASE
Neg A-FQ — Other states (excl NY + FQ origins),12146898703,alaska,PHRASE
Neg A-FQ — Other states (excl NY + FQ origins),12146898703,north dakota,PHRASE
Neg A-FQ — Other states (excl NY + FQ origins),12146898703,district of columbia,PHRASE
Neg A-FQ — Other states (excl NY + FQ origins),12146898703,minnesota,PHRASE
Neg A-FQ — Other states (excl NY + FQ origins),12146898703,virginia,PHRASE
Neg A-FQ — Other states (excl NY + FQ origins),12146898703,vermont,PHRASE
Neg A-FQ — Other states (excl NY + FQ origins),12146898703,wisconsin,PHRASE
Neg A-FQ — Other states (excl NY + FQ origins),12146898703,wyoming,PHRASE
Neg A-FQ — Other states (excl NY + FQ origins),12146898703,maryland,PHRASE
Neg A-FQ — Other states (excl NY + FQ origins),12146898703,iowa,PHRASE
Neg A-FQ — Other states (excl NY + FQ origins),12146898703,delaware,PHRASE
Neg A-FQ — Other states (excl NY + FQ origins),12146898703,michigan,PHRASE
Neg A-FQ — Other states (excl NY + FQ origins),12146898703,louisiana,PHRASE
Neg A-FQ — Other states (excl NY + FQ origins),12146898703,maine,PHRASE
Neg A-FQ — Other states (excl NY + FQ origins),12146898703,indiana,PHRASE
Neg A-FQ — Other states (excl NY + FQ origins),12146898703,arizona,PHRASE
Neg A-FQ — Other states (excl NY + FQ origins),12146898703,kentucky,PHRASE
Neg A-FQ — Other states (excl NY + FQ origins),12146898703,idaho,PHRASE
Neg A-FQ — Other states (excl NY + FQ origins),12146898703,missouri,PHRASE
Neg A-FQ — Other states (excl NY + FQ origins),12146898703,illinois,PHRASE
Neg A-FQ — Other states (excl NY + FQ origins),12146898703,mississippi,PHRASE
Neg A-FQ — Other states (excl NY + FQ origins),12146898703,nebraska,PHRASE
Neg A-FQ — Other states (excl NY + FQ origins),12146898703,mass,PHRASE
Neg C — Wrong intent lookup jobs school,12146898706,look up,PHRASE
Neg C — Wrong intent lookup jobs school,12146898706,exam,PHRASE
Neg C — Wrong intent lookup jobs school,12146898706,jobs,PHRASE
Neg C — Wrong intent lookup jobs school,12146898706,school,PHRASE
Neg C — Wrong intent lookup jobs school,12146898706,corporate seal,PHRASE
Neg C — Wrong intent lookup jobs school,12146898706,verification,PHRASE
Neg C — Wrong intent lookup jobs school,12146898706,salary,PHRASE
Neg C — Wrong intent lookup jobs school,12146898706,search,PHRASE
Neg C — Wrong intent lookup jobs school,12146898706,hiring,PHRASE
Neg C — Wrong intent lookup jobs school,12146898706,course,PHRASE
Neg C — Wrong intent lookup jobs school,12146898706,degree,PHRASE
Neg C — Wrong intent lookup jobs school,12146898706,verify,PHRASE
Neg C — Wrong intent lookup jobs school,12146898706,classes,PHRASE
Neg C — Wrong intent lookup jobs school,12146898706,renewal,PHRASE
Neg C — Wrong intent lookup jobs school,12146898706,lookup,PHRASE
Neg C — Wrong intent lookup jobs school,12146898706,number,PHRASE
Neg C — Wrong intent lookup jobs school,12146898706,renew,PHRASE
Neg C — Wrong intent lookup jobs school,12146898706,login,PHRASE
Neg C — Wrong intent lookup jobs school,12146898706,blumberg,PHRASE
Neg C — Wrong intent lookup jobs school,12146898706,llc name availability,PHRASE
Neg C — Wrong intent lookup jobs school,12146898706,corporate book,PHRASE
Neg C — Wrong intent lookup jobs school,12146898706,usa corp,PHRASE
Neg C — Wrong intent lookup jobs school,12146898706,check llc,PHRASE
Neg C — Wrong intent lookup jobs school,12146898706,check llc availability,PHRASE
Neg C — Wrong intent lookup jobs school,12146898706,llc availability,PHRASE
Neg C — Wrong intent lookup jobs school,12146898706,windsor corporate services,PHRASE
Neg C — Wrong intent lookup jobs school,12146898706,pllc name availability,PHRASE
Neg E — Publishing-only intent,12146898709,publication service,PHRASE
Neg E — Publishing-only intent,12146898709,affidavit of publication,PHRASE
Neg E — Publishing-only intent,12146898709,certificate of publication,PHRASE
Neg E — Publishing-only intent,12146898709,publish my llc,PHRASE
Neg E — Publishing-only intent,12146898709,newspaper publication,PHRASE
Neg E — Publishing-only intent,12146898709,llc publishing,PHRASE
Neg E — Publishing-only intent,12146898709,publication only,PHRASE
Neg A — Other states (excl NY),12146898907,arkansas,PHRASE
Neg A — Other states (excl NY),12146898907,tennessee,PHRASE
Neg A — Other states (excl NY),12146898907,new mexico,PHRASE
Neg A — Other states (excl NY),12146898907,kansas,PHRASE
Neg A — Other states (excl NY),12146898907,texas,PHRASE
Neg A — Other states (excl NY),12146898907,new jersey,PHRASE
Neg A — Other states (excl NY),12146898907,north carolina,PHRASE
Neg A — Other states (excl NY),12146898907,new hampshire,PHRASE
Neg A — Other states (excl NY),12146898907,georgia,PHRASE
Neg A — Other states (excl NY),12146898907,west virginia,PHRASE
Neg A — Other states (excl NY),12146898907,alabama,PHRASE
Neg A — Other states (excl NY),12146898907,pennsylvania,PHRASE
Neg A — Other states (excl NY),12146898907,massachusetts,PHRASE
Neg A — Other states (excl NY),12146898907,rhode island,PHRASE
Neg A — Other states (excl NY),12146898907,hawaii,PHRASE
Neg A — Other states (excl NY),12146898907,nevada,PHRASE
Neg A — Other states (excl NY),12146898907,penn,PHRASE
Neg A — Other states (excl NY),12146898907,south carolina,PHRASE
Neg A — Other states (excl NY),12146898907,colorado,PHRASE
Neg A — Other states (excl NY),12146898907,montana,PHRASE
Neg A — Other states (excl NY),12146898907,utah,PHRASE
Neg A — Other states (excl NY),12146898907,ohio,PHRASE
Neg A — Other states (excl NY),12146898907,south dakota,PHRASE
Neg A — Other states (excl NY),12146898907,california,PHRASE
Neg A — Other states (excl NY),12146898907,oklahoma,PHRASE
Neg A — Other states (excl NY),12146898907,oregon,PHRASE
Neg A — Other states (excl NY),12146898907,washington,PHRASE
Neg A — Other states (excl NY),12146898907,florida,PHRASE
Neg A — Other states (excl NY),12146898907,alaska,PHRASE
Neg A — Other states (excl NY),12146898907,north dakota,PHRASE
Neg A — Other states (excl NY),12146898907,district of columbia,PHRASE
Neg A — Other states (excl NY),12146898907,minnesota,PHRASE
Neg A — Other states (excl NY),12146898907,virginia,PHRASE
Neg A — Other states (excl NY),12146898907,vermont,PHRASE
Neg A — Other states (excl NY),12146898907,wisconsin,PHRASE
Neg A — Other states (excl NY),12146898907,wyoming,PHRASE
Neg A — Other states (excl NY),12146898907,maryland,PHRASE
Neg A — Other states (excl NY),12146898907,iowa,PHRASE
Neg A — Other states (excl NY),12146898907,delaware,PHRASE
Neg A — Other states (excl NY),12146898907,michigan,PHRASE
Neg A — Other states (excl NY),12146898907,louisiana,PHRASE
Neg A — Other states (excl NY),12146898907,maine,PHRASE
Neg A — Other states (excl NY),12146898907,indiana,PHRASE
Neg A — Other states (excl NY),12146898907,arizona,PHRASE
Neg A — Other states (excl NY),12146898907,kentucky,PHRASE
Neg A — Other states (excl NY),12146898907,connecticut,PHRASE
Neg A — Other states (excl NY),12146898907,idaho,PHRASE
Neg A — Other states (excl NY),12146898907,missouri,PHRASE
Neg A — Other states (excl NY),12146898907,illinois,PHRASE
Neg A — Other states (excl NY),12146898907,mississippi,PHRASE
Neg A — Other states (excl NY),12146898907,nebraska,PHRASE
Neg A — Other states (excl NY),12146898907,calif,PHRASE
Neg A — Other states (excl NY),12146898907,mass,PHRASE
Neg D — Freebie price-shopping junk,12146898991,no cost,PHRASE
Neg D — Freebie price-shopping junk,12146898991,cheapest,PHRASE
Neg D — Freebie price-shopping junk,12146898991,free llc,PHRASE
Neg D — Freebie price-shopping junk,12146898991,free ein,PHRASE
Neg D — Freebie price-shopping junk,12146898991,$0,PHRASE
